640012,36,1,213254,59341,51758,153913,317933,0,0,0,0,0.0719765
640015,36,1,223965,62513,54606,161452,334016,0,0,0,0,0.0622273
640018,36,1,226286,63206,55153,163080,338431,0,0,0,0,0.0621162
640020,18,1,189978,51080,44906,138898,268352,0,0,0,0,0.0559515
640021,18,1,203844,55044,48330,148800,289150,0,0,0,0,0.0602576
640024,18,2,284272,79071,69515,205188,423689,1,0,0,0,0.143441
640029,18,1,215172,58773,51425,156399,311513,0,0,0,0,0.0636412
640042,36,2,303464,84306,74444,219145,452595,1,0,0,0,0.187484
640045,36,1,230054,63717,55650,166337,340160,0,0,0,0,0.068109
640048,36,1,220823,60725,53039,160098,323113,0,0,0,0,0.0605236
640070,18,1,179393,48097,41812,131296,252929,0,0,0,0,0.0575972
640071,18,1,206177,56393,49881,149784,296762,0,0,0,0,0.0630197
640072,18,2,211805,58075,51177,153717,310235,1,0,0,0,0.153276
640073,18,1,185717,49620,43635,136097,260754,0,0,0,0,0.0566428
640074,18,2,232268,63896,56224,168361,341172,1,0,0,0,0.125051
640075,18,2,208524,57175,49972,151337,305959,1,0,0,0,0.118702
640076,18,1,205436,56209,49203,149227,298287,0,0,0,0,0.0638105
640077,18,1,200940,55381,48380,145559,294798,0,0,0,0,0.0646314
640078,18,1,210065,57214,50264,152851,300752,0,0,0,0,0.0605395
640079,18,1,210101,57521,50457,152580,305134,0,0,0,0,0.0623835
640350,18,1,179739,48522,42538,131217,254373,0,0,0,0,0.0606476
640351,18,1,206197,56469,49883,149728,297553,0,0,0,0,0.0653973
640352,18,1,189345,51672,45392,137673,275298,0,0,0,0,0.0622129
640353,18,1,195599,52818,46417,142781,278013,0,0,0,0,0.064169
640354,18,2,272746,74477,65359,198256,396751,1,0,0,0,0.142914
640355,18,1,232715,64523,56550,168192,342592,0,0,0,0,0.0649553
640356,18,1,211540,58492,51194,153048,312797,0,0,0,0,0.0793808
640357,18,1,197280,54352,47512,142928,289329,0,0,0,0,0.0850739
640358,18,1,216429,59317,52011,157112,312965,0,0,0,0,0.0687326
640359,18,1,200934,55181,48082,145753,293174,0,0,0,0,0.0751688
640530,36,1,208495,57037,49805,151458,300894,0,0,0,0,0.0596361
640531,36,1,206566,57382,50062,149184,307339,0,0,0,0,0.059788
640532,36,1,202273,55985,48361,146288,299730,0,0,0,0,0.0641193
640533,36,1,201372,54781,48078,146591,289906,0,0,0,0,0.0612644
640534,36,1,212155,59384,51662,152771,318637,0,0,0,0,0.0577015
640535,36,1,225986,63066,54445,162920,337877,0,0,0,0,0.0593574
640536,36,1,209877,58006,51169,151871,310024,0,0,0,0,0.0565921
640537,36,1,225134,62548,54800,162586,335099,0,0,0,0,0.0607754
640538,36,1,229142,64071,55367,165071,343293,0,0,0,0,0.0559205
640539,36,1,211231,58697,50956,152534,314514,0,0,0,0,0.0550667
640570,36,1,194515,52428,45759,142087,275716,0,0,0,0,0.0544174
640571,36,1,192631,52832,45952,139799,281333,0,0,0,0,0.0567242
640572,36,1,214969,60205,52198,154764,323395,0,0,0,0,0.0618721
640573,36,1,208018,57046,49824,150972,303192,0,0,0,0,0.0568213
640574,36,1,216318,60472,52610,155846,323676,0,0,0,0,0.0563269
640575,36,1,213465,58849,51321,154616,313466,0,0,0,0,0.0553912
640576,36,1,201172,55226,48230,145946,293910,0,0,0,0,0.0560873
640577,36,1,205381,56509,49398,148872,301110,0,0,0,0,0.0595457
640578,36,1,213739,59187,51111,154552,315552,0,0,0,0,0.0529828
640579,36,1,203646,56418,48954,147228,299815,0,0,0,0,0.0544213
640600,36,1,203915,55796,48754,148119,295948,0,0,0,0,0.0643
640601,36,1,210878,58228,50541,152650,308280,0,0,0,0,0.0896768
640602,36,1,209929,57859,50660,152070,309331,0,0,0,0,0.0912725
640603,36,1,206246,56691,49643,149555,301798,0,0,0,0,0.0635765
640604,36,1,211863,58355,50838,153508,310852,0,0,0,0,0.0826026
640605,36,1,229070,63163,55099,165907,336617,0,0,0,0,0.0808879
640606,36,1,244798,68009,59377,176789,363015,0,0,0,0,0.0619445
640607,36,1,238241,66832,58099,171409,357094,0,0,0,0,0.0666908
640608,36,1,224835,62646,54387,162189,335089,0,0,0,0,0.0620658
640609,36,1,209304,58062,49843,151242,309703,0,0,0,0,0.0660458
640620,36,1,180919,49100,43191,131819,259174,0,0,0,0,0.0642513
640621,36,1,206383,56640,49613,149743,299027,0,0,0,0,0.0727305
640622,36,1,185463,50629,43809,134834,270284,0,0,0,0,0.0623645
640623,36,1,192108,52673,45993,139435,279639,0,0,0,0,0.0552585
640624,36,2,278977,77120,67479,201844,413115,1,0,0,0,0.142248
640625,36,1,228436,63490,55190,164946,338016,0,0,0,0,0.0646422
640626,36,1,211520,58331,51172,153189,311007,0,0,0,0,0.0592346
640627,36,1,195583,53681,46890,141902,285257,0,0,0,0,0.057764
640628,36,1,220069,61207,52985,158862,325015,0,0,0,0,0.0730702
640629,36,1,207157,58269,49967,148888,311584,0,0,0,0,0.0857219
641520,18,1,210434,58119,50871,152315,307204,0,0,0,0,0.0878606
641521,18,1,200860,56201,48503,144659,300267,0,0,0,0,0.0862774
641524,18,1,217702,60761,53059,156941,324091,0,0,0,0,0.075342
641529,18,1,201301,56031,49175,145270,298871,0,0,0,0,0.0669714
641542,36,1,213204,59724,51369,153480,320211,0,0,0,0,0.0668187
641545,36,1,235994,66442,57516,169552,356500,0,0,0,0,0.0711426
641548,36,1,220018,61030,52979,158988,325387,0,0,0,0,0.0694651
641580,18,2,257503,72230,64027,185261,387426,1,0,0,0,0.184274
641581,18,1,225534,62613,54630,162921,332519,0,0,0,0,0.0883681
641584,18,1,215596,60175,52994,155421,321248,0,0,0,0,0.0814194
641589,18,2,228877,63509,55520,165355,339887,1,0,0,0,0.211024
641602,36,1,218376,60741,53064,157635,323901,0,0,0,0,0.0815183
641605,36,1,239399,66962,58375,172437,357409,0,0,0,0,0.0855905
641608,36,2,286028,80599,70437,205416,434684,1,0,0,0,0.191277
641630,18,1,214744,58682,51197,156062,307932,0,0,0,0,0.0964903
641631,18,1,193925,53029,46222,140896,282212,0,0,0,0,0.0882893
641634,18,1,197200,54089,47121,143111,287686,0,0,0,0,0.0827316
641639,18,2,334251,92880,81044,241358,496775,1,0,0,0,0.167234
641652,36,1,204675,56253,49050,148422,299112,0,0,0,0,0.0774859
641655,36,1,218994,60694,53074,158300,324500,0,0,0,0,0.0802382
641658,36,1,237381,66531,57919,170850,356475,0,0,0,0,0.0779288
641670,18,1,212233,58062,50726,154171,304240,0,0,0,0,0.0726333
641671,18,1,199534,54785,48223,144749,291963,0,0,0,0,0.0651901
641674,18,1,219891,60471,52648,159420,321152,0,0,0,0,0.0593935
641679,18,1,192962,52864,45958,140098,281127,0,0,0,0,0.0684715
641692,36,1,217025,59997,52586,157028,320907,0,0,0,0,0.0895886
641695,36,1,217659,60056,52198,157603,320214,0,0,0,0,0.0846641
641698,36,1,209632,57963,50387,151669,310648,0,0,0,0,0.0871322
641700,18,1,190304,51205,44992,139099,269127,0,0,0,0,0.083673
641701,18,1,206101,55624,48941,150477,292352,0,0,0,0,0.0848911
641704,18,2,287529,79828,69880,207688,427132,1,0,0,0,0.202655
641709,18,1,196308,53072,46321,143236,281071,0,0,0,0,0.0885107
641722,36,2,302574,83984,73997,218577,451003,1,0,0,0,0.278201
641725,36,1,231614,63728,55679,167886,339625,0,0,0,0,0.105509
641728,36,1,206717,56363,49091,150354,300287,0,0,0,0,0.0779981
641750,18,1,179889,48327,42021,131562,254306,0,0,0,0,0.0684279
641751,18,1,213059,58166,51196,154893,306151,0,0,0,0,0.088506
641752,18,1,202782,55213,48949,147569,291001,0,0,0,0,0.0851987
641753,18,1,195086,52140,45985,142946,273585,0,0,0,0,0.0675472
641754,18,2,231630,63556,55935,168063,338601,1,0,0,0,0.182622
641755,18,2,219754,60506,52848,159236,323883,1,0,0,0,0.168352
641756,18,2,225341,61966,54292,163362,330763,1,0,0,0,0.165985
641757,18,1,191148,52277,45526,138871,277795,0,0,0,0,0.080706
641758,18,1,196579,53079,46605,143500,279211,0,0,0,0,0.0810472
641759,18,1,187638,50271,43979,137367,265245,0,0,0,0,0.0806216
642030,18,1,180415,48802,42741,131613,256063,0,0,0,0,0.0854062
642031,18,1,208925,57312,50725,151613,302894,0,0,0,0,0.0928059
642032,18,1,191022,52291,45958,138731,279406,0,0,0,0,0.0956532
642033,18,1,202143,54497,48094,147646,286226,0,0,0,0,0.0914058
642034,18,1,178227,47864,41983,130363,252364,0,0,0,0,0.0662049
642035,18,1,228960,62711,54913,166249,331808,0,0,0,0,0.0749637
642036,18,1,209087,57553,50403,151534,307336,0,0,0,0,0.0892917
642037,18,1,186528,51239,44926,135289,272974,0,0,0,0,0.0619606
642038,18,1,201916,55249,48048,146667,292632,0,0,0,0,0.0834745
642039,18,1,181949,49355,43090,132594,261545,0,0,0,0,0.0734144
642250,36,1,194684,52546,45854,142138,276507,0,0,0,0,0.0752047
642251,36,1,197947,54482,47350,143465,289712,0,0,0,0,0.0567096
642252,36,1,220237,61606,53643,158631,330950,0,0,0,0,0.0801239
642253,36,1,208508,56917,49874,151591,302515,0,0,0,0,0.0548299
642254,36,1,221672,61859,53897,159813,330721,0,0,0,0,0.056912
642255,36,1,217038,59996,52687,157042,320198,0,0,0,0,0.0567137
642256,36,1,197195,54461,47426,142734,290423,0,0,0,0,0.0574774
642257,36,1,193352,53345,46482,140007,284892,0,0,0,0,0.062979
642258,36,1,201904,55804,47978,146100,298311,0,0,0,0,0.0555446
642259,36,1,192568,53369,46271,139199,284596,0,0,0,0,0.0538869
642280,36,1,204054,55928,48851,148126,296864,0,0,0,0,0.060506
642281,36,1,214889,59726,52048,155163,316528,0,0,0,0,0.0633363
642282,36,1,212300,58746,51589,153554,314585,0,0,0,0,0.070885
642283,36,1,204374,55968,49148,148406,298174,0,0,0,0,0.0616042
642284,36,1,209834,57396,50318,152438,305189,0,0,0,0,0.0631893
642285,36,1,232792,64103,55887,168689,341106,0,0,0,0,0.0810497
642286,36,1,242235,67123,58580,175112,358023,0,0,0,0,0.0932504
642287,36,1,226280,63516,55080,162764,341296,0,0,0,0,0.0669113
642288,36,1,213507,59128,51351,154379,316258,0,0,0,0,0.0571408
642289,36,1,187773,51617,44506,136156,275278,0,0,0,0,0.0549881
642300,36,1,181450,49303,43259,132147,260352,0,0,0,0,0.0531096
642301,36,1,210380,57979,50837,152401,306887,0,0,0,0,0.0578192
642302,36,1,190317,52274,45425,138043,279554,0,0,0,0,0.0608625
642303,36,1,198828,54339,47396,144489,287857,0,0,0,0,0.0626872
642304,36,1,201513,54795,47613,146718,289708,0,0,0,0,0.0730628
642305,36,1,231093,64005,56030,167088,339961,0,0,0,0,0.0718187
642306,36,1,208558,57374,50089,151184,305848,0,0,0,0,0.0787004
642307,36,1,185602,50579,44022,135023,268795,0,0,0,0,0.0853428
642308,36,1,211538,58459,50668,153079,310605,0,0,0,0,0.079337
642309,36,1,185665,51506,44126,134159,274688,0,0,0,0,0.0586382
642920,18,1,202025,55591,48531,146434,294081,0,0,0,0,0.0682004
642921,18,1,213399,59007,51455,154392,313084,0,0,0,0,0.07094
642924,18,1,226659,62316,54094,164343,328819,0,0,0,0,0.0676954
642929,18,1,217971,61006,53138,156965,323329,0,0,0,0,0.0959846
642942,36,1,225517,62970,54435,162547,337257,0,0,0,0,0.0910052
642945,36,1,243969,68452,59344,175517,365715,0,0,0,0,0.0974153
642948,36,1,212948,58851,51051,154097,313106,0,0,0,0,0.0684769
642980,18,2,266366,74926,66334,191428,399427,1,0,0,0,0.144846
642981,18,1,243061,67356,58749,175705,355011,0,0,0,0,0.0650601
642984,18,1,236815,65643,57292,171172,347236,0,0,0,0,0.0649216
642989,18,1,236658,66392,57517,170266,348311,0,0,0,0,0.0709721
643002,36,1,244730,68365,60095,176365,364573,0,0,0,0,0.0626912
643005,36,1,252579,70746,62253,181833,377481,0,0,0,0,0.0660531
643008,36,2,279509,78395,68583,201101,421791,1,0,0,0,0.145399
643030,18,2,291230,82279,72880,208938,439873,1,0,0,0,0.147515
643031,18,1,219846,61129,53815,158717,326724,0,0,0,0,0.0724835
643034,18,2,268384,76266,66978,192105,412403,1,0,0,0,0.140912
643039,18,2,338318,94093,82200,244212,501640,1,0,0,0,0.159042
643052,36,1,223450,61602,54207,161848,328301,0,0,0,0,0.0670069
643055,36,1,226936,62835,55169,164101,335579,0,0,0,0,0.063917
643058,36,1,235461,65599,57308,169862,349730,0,0,0,0,0.0718103
643070,18,2,291623,82486,73027,209124,441123,1,0,0,0,0.150097
643071,18,1,223861,62514,54959,161347,334545,0,0,0,0,0.0764988
643074,18,2,275333,77948,68640,197372,420287,1,0,0,0,0.14443
643079,18,1,197873,53904,47230,143969,284955,0,0,0,0,0.057518
643092,36,1,228855,63222,55388,165633,336760,0,0,0,0,0.0608295
643095,36,1,230481,63704,55582,166777,339545,0,0,0,0,0.05979
643098,36,1,221400,61431,53541,159969,328457,0,0,0,0,0.0684885
643100,18,1,198083,53796,47295,144287,284440,0,0,0,0,0.0575235
643101,18,1,198492,53887,47294,144605,284878,0,0,0,0,0.0566591
643104,18,2,292556,80287,70071,212256,425389,1,0,0,0,0.139456
643109,18,1,185956,50172,43490,135784,265602,0,0,0,0,0.0692491
643122,36,2,298039,82952,72775,215074,444957,1,0,0,0,0.187611
643125,36,1,223173,61218,53333,161955,325612,0,0,0,0,0.0635164
643128,36,1,214419,58611,50853,155808,312498,0,0,0,0,0.0571563
643150,18,1,194586,52576,46340,142010,276189,0,0,0,0,0.0560723
643151,18,1,194707,52557,46336,142150,276036,0,0,0,0,0.0565355
643152,18,1,185627,50047,44066,135580,263422,0,0,0,0,0.0641796
643153,18,1,198210,53255,46446,144955,279758,0,0,0,0,0.093042
643154,18,2,234740,63892,56172,170837,337312,1,0,0,0,0.183064
643155,18,2,222608,61199,53602,161397,326832,1,0,0,0,0.138659
643156,18,2,237471,65524,57255,171935,350301,1,0,0,0,0.143586
643157,18,1,195303,52543,45890,142760,276981,0,0,0,0,0.0776583
643158,18,1,183190,48890,42571,134300,257165,0,0,0,0,0.0541402
643159,18,1,170757,45164,39374,125593,237215,0,0,0,0,0.0713247
643430,18,1,188435,50883,44879,137552,267510,0,0,0,0,0.0769264
643431,18,1,189089,50994,44975,138095,267932,0,0,0,0,0.0651515
643432,18,1,192660,52470,45610,140190,278779,0,0,0,0,0.0658648
643433,18,1,208344,56819,50010,151525,298923,0,0,0,0,0.0722679
643434,18,1,175638,46717,40949,128921,243780,0,0,0,0,0.0644352
643435,18,1,202482,55109,48036,147373,290960,0,0,0,0,0.0604795
643436,18,1,203000,55891,48467,147109,296414,0,0,0,0,0.0636068
643437,18,1,191112,52174,45407,138938,276424,0,0,0,0,0.0645783
643438,18,1,189236,52186,45261,137050,277929,0,0,0,0,0.0656354
643439,18,1,163893,43647,37628,120246,230026,0,0,0,0,0.0917234
643680,36,1,197625,54741,47663,142884,290909,0,0,0,0,0.0644727
643681,36,1,198393,54954,47835,143439,292001,0,0,0,0,0.0605264
643682,36,1,207330,57420,49945,149910,307574,0,0,0,0,0.0682792
643683,36,1,201668,55120,48190,146548,291988,0,0,0,0,0.0611815
643684,36,1,204966,55528,48156,149438,293225,0,0,0,0,0.0750716
643685,36,1,223543,61822,53543,161721,329837,0,0,0,0,0.0677714
643686,36,1,220307,60435,52560,159872,321391,0,0,0,0,0.0571402
643687,36,1,214975,59584,51345,155391,319171,0,0,0,0,0.0857859
643688,36,1,206989,56622,49017,150367,302040,0,0,0,0,0.0736581
643689,36,1,178153,48622,41810,129531,258855,0,0,0,0,0.0530601
643700,36,1,192585,52841,46188,139744,279738,0,0,0,0,0.0592674
643701,36,1,192779,52819,46187,139960,279512,0,0,0,0,0.057213
643702,36,1,190459,52596,45352,137863,281832,0,0,0,0,0.0793642
643703,36,1,198566,54522,46958,144044,289581,0,0,0,0,0.0615679
643704,36,1,198780,53651,46413,145129,281924,0,0,0,0,0.0678566
643705,36,1,208168,56833,49270,151335,300983,0,0,0,0,0.0618182
643706,36,1,205466,56054,48824,149412,296713,0,0,0,0,0.0601661
643707,36,1,198391,54225,46689,144166,288344,0,0,0,0,0.0602993
643708,36,1,192346,52634,45720,139712,279856,0,0,0,0,0.0609855
643709,36,1,172264,46617,39852,125647,246852,0,0,0,0,0.0584039
644040,18,1,173900,47980,41972,125920,255832,0,0,0,0,0.0753813
644041,18,1,185144,50665,44514,134479,269161,0,0,0,0,0.0932617
644044,18,1,203330,55887,49212,147443,296345,0,0,0,0,0.0815449
644049,18,1,194259,53681,47678,140578,286011,0,0,0,0,0.10406
644062,36,1,195631,54067,47668,141564,289598,0,0,0,0,0.0733261
644065,36,1,207607,57660,50982,149947,308880,0,0,0,0,0.0682827
644068,36,1,210424,58068,50926,152356,309456,0,0,0,0,0.0688516
644100,18,1,198980,53715,47248,145265,281137,0,0,0,0,0.0662476
644101,18,1,198902,54171,47591,144731,286301,0,0,0,0,0.0609652
644104,18,1,197366,53718,47167,143648,284434,0,0,0,0,0.0596835
644109,18,1,196903,54886,48815,142017,293122,0,0,0,0,0.0829572
644122,36,1,209473,57651,50872,151822,307034,0,0,0,0,0.0615642
644125,36,1,208245,57388,50565,150857,306589,0,0,0,0,0.084203
644128,36,1,206163,57254,50163,148909,306846,0,0,0,0,0.0835422
644150,18,1,180471,48253,42602,132218,253704,0,0,0,0,0.0627108
644151,18,1,209607,57082,50611,152525,300209,0,0,0,0,0.08322
644154,18,1,192667,52198,46366,140469,276035,0,0,0,0,0.0879936
644159,18,2,321243,88143,77338,233087,467757,1,0,0,0,0.197515
644172,36,1,198623,53984,47690,144639,286986,0,0,0,0,0.0672808
644175,36,1,226964,62719,55318,164245,334883,0,0,0,0,0.0862579
644178,36,1,221024,61356,54148,159668,327095,0,0,0,0,0.0913043
644190,18,1,180240,48261,42623,131979,253857,0,0,0,0,0.0637972
644191,18,1,209584,57086,50385,152498,300236,0,0,0,0,0.0942629
644194,18,2,287053,79176,70007,207864,422627,1,0,0,0,0.15624
644199,18,1,186348,50837,44820,135511,269011,0,0,0,0,0.0831777
644212,36,1,203838,55710,49236,148128,296782,0,0,0,0,0.0892868
644215,36,1,229026,63367,55928,165659,338379,0,0,0,0,0.078216
644218,36,1,207698,57810,51033,149888,309487,0,0,0,0,0.0667579
644220,18,1,187900,50673,44858,137227,266436,0,0,0,0,0.0568306
644221,18,1,188454,50771,44978,137683,266846,0,0,0,0,0.0584126
644224,18,1,197020,52901,47079,144119,276824,0,0,0,0,0.063773
644229,18,1,178528,48653,42432,129875,258039,0,0,0,0,0.0615852
644242,36,1,194559,52321,46179,142238,276654,0,0,0,0,0.0606673
644245,36,1,214725,59051,52077,155674,314012,0,0,0,0,0.0643452
644248,36,1,206037,56641,49794,149396,302105,0,0,0,0,0.0637145
644270,18,1,180119,47882,42579,132237,249773,0,0,0,0,0.0593733
644271,18,1,180401,47907,42615,132494,249777,0,0,0,0,0.0586636
644272,18,1,178060,47430,42192,130630,249314,0,0,0,0,0.0633854
644273,18,1,191562,51160,45562,140402,268744,0,0,0,0,0.0816553
644274,18,2,260347,71023,62558,189311,375491,1,0,0,0,0.141391
644275,18,2,244718,66661,58924,178044,354411,1,0,0,0,0.132994
644276,18,1,211216,56339,49575,154877,294089,0,0,0,0,0.0769234
644277,18,1,184781,49175,43333,135606,257541,0,0,0,0,0.0645507
644278,18,1,190397,50674,44251,139723,265659,0,0,0,0,0.0689134
644279,18,1,179826,47919,41793,131907,251845,0,0,0,0,0.0661723
644550,18,2,289357,79261,69613,210083,419831,1,0,0,0,0.169609
644551,18,2,289387,79269,69570,210105,419922,1,0,0,0,0.163431
644552,18,2,276692,75657,66333,201022,403632,1,0,0,0,0.178905
644553,18,1,211918,57034,50779,154884,299711,0,0,0,0,0.11295
644554,18,1,217075,57960,50822,159115,301060,0,0,0,0,0.0720761
644555,18,2,284120,77573,68239,206534,411999,1,0,0,0,0.147798
644556,18,1,215560,58079,50671,157481,304353,0,0,0,0,0.0658681
644557,18,2,274347,74514,65456,199820,395914,1,0,0,0,0.154491
644558,18,1,201151,53908,46828,147243,282793,0,0,0,0,0.0704169
644559,18,1,194782,52370,45260,142412,275547,0,0,0,0,0.0925551
644820,36,1,189510,51822,45284,137688,273639,0,0,0,0,0.0548034
644821,36,1,189623,51798,45281,137825,273382,0,0,0,0,0.0540331
644822,36,1,190625,52461,45618,138164,279513,0,0,0,0,0.0577786
644823,36,1,211112,58287,51401,152825,310052,0,0,0,0,0.0742933
644824,36,1,217561,59365,51702,158196,312342,0,0,0,0,0.0569069
644825,36,1,203690,55516,48385,148174,293460,0,0,0,0,0.0544774
644826,36,1,219090,60234,52139,158856,318404,0,0,0,0,0.0624757
644827,36,1,191553,52211,45304,139342,276881,0,0,0,0,0.0554051
644828,36,1,199625,54321,47128,145304,287458,0,0,0,0,0.0582849
644829,36,1,191917,52836,45303,139081,281583,0,0,0,0,0.0597665
645390,18,1,175729,47471,41386,128258,250988,0,0,0,0,0.0579844
645391,18,1,175748,47435,41340,128313,250738,0,0,0,0,0.0578056
645392,18,1,170676,45704,39560,124972,242687,0,0,0,0,0.061406
645393,18,1,189788,51306,44924,138482,272651,0,0,0,0,0.107454
645394,18,1,199111,53701,46795,145410,283635,0,0,0,0,0.0695424
645395,18,1,179659,48186,42022,131473,255017,0,0,0,0,0.0706456
645396,18,1,196646,53322,45904,143324,283485,0,0,0,0,0.0733482
645397,18,1,169849,45433,39435,124416,240856,0,0,0,0,0.0661534
645398,18,1,179662,48348,41681,131314,256652,0,0,0,0,0.0822074
645399,18,1,170560,45998,39510,124562,244757,0,0,0,0,0.0740638
646800,3,1,150083,40977,35016,109106,217573,0,0,0,0,0.103468
646801,9,1,169767,47013,40309,122754,249208,0,0,0,0,0.0729993
646804,9,1,189141,53114,45774,136027,281662,0,0,0,0,0.0767193
646809,9,1,132828,35143,29351,97685,185291,0,0,0,0,0.0673121
646810,3,1,171146,47170,41474,123976,249978,0,0,0,0,0.0983373
646811,9,1,183686,50232,43432,133454,265285,0,0,0,0,0.0728717
646814,9,1,200422,55524,48088,144898,293362,0,0,0,0,0.0718963
646819,9,1,147384,39338,33886,108046,207468,0,0,0,0,0.0805404
646820,3,1,155773,42004,35600,113769,222769,0,0,0,0,0.10322
646821,9,1,168336,45148,38472,123188,238410,0,0,0,0,0.0651445
646824,9,1,176842,48717,41517,128125,258876,0,0,0,0,0.0661794
646829,9,1,187138,52133,44896,135005,276981,0,0,0,0,0.0717727
646830,3,1,155727,41995,35598,113732,222722,0,0,0,0,0.0876191
646831,9,1,186957,51496,44172,135461,272823,0,0,0,0,0.0723252
646834,9,1,184663,51342,44267,133321,273594,0,0,0,0,0.0713508
646839,9,1,175804,49049,42530,126755,261127,0,0,0,0,0.0902746
646840,9,1,186615,51440,43983,135175,272796,0,0,0,0,0.0861461
646841,9,1,196387,54240,46330,142147,285841,0,0,0,0,0.0896509
646842,18,1,166007,44096,37169,121911,231815,0,0,0,0,0.0911904
646844,9,1,185125,51100,44430,134025,270294,0,0,0,0,0.0696545
646845,18,1,194783,54423,46473,140360,291097,0,0,0,0,0.0609699
646848,18,1,187894,51817,43376,136077,276164,0,0,0,0,0.0600141
646849,9,1,176674,48749,41753,127925,258061,0,0,0,0,0.0703917
646870,3,1,184466,50800,44821,133666,268718,0,0,0,0,0.0921837
646871,9,1,196720,53378,46334,143342,280058,0,0,0,0,0.0695719
646874,9,1,210861,57937,50362,152924,303861,0,0,0,0,0.0685344
646879,9,1,158597,42706,36987,115891,225198,0,0,0,0,0.0639323
646880,3,1,169347,46394,39619,122953,246140,0,0,0,0,0.0831859
646881,9,1,176686,47615,40459,129071,251439,0,0,0,0,0.0622754
646884,9,1,183953,50231,43001,133722,264808,0,0,0,0,0.0671127
646889,9,1,187184,51479,44359,135705,271012,0,0,0,0,0.0616806
646890,3,1,169255,46360,39611,122895,245925,0,0,0,0,0.0871896
646891,9,1,193180,52893,45154,140287,279133,0,0,0,0,0.067723
646894,9,1,191762,52985,45811,138777,280904,0,0,0,0,0.0678055
646899,9,1,177011,48874,42346,128137,258839,0,0,0,0,0.0623361
646900,9,1,203446,56939,48888,146507,302467,0,0,0,0,0.0645846
646901,9,1,203315,56285,48683,147030,295896,0,0,0,0,0.0628657
646902,18,1,172355,45864,38711,126491,240454,0,0,0,0,0.0688685
646904,9,1,196007,53712,46940,142295,282146,0,0,0,0,0.0680833
646905,18,1,203644,56609,48643,147035,301112,0,0,0,0,0.0629074
646908,18,1,190953,52270,44194,138683,277448,0,0,0,0,0.0618024
646909,9,1,182772,50236,42769,132536,264808,0,0,0,0,0.0751673
646930,3,1,171910,46800,39971,125110,248792,0,0,0,0,0.117153
646931,9,1,167348,44923,37891,122425,238061,0,0,0,0,0.0797407
646934,9,1,188016,52055,44716,135961,277086,0,0,0,0,0.0642557
646939,9,1,203014,57066,49086,145948,305529,0,0,0,0,0.0804646
646940,3,1,171924,46805,39971,125119,248833,0,0,0,0,0.0969351
646941,9,1,186892,51047,43712,135845,270564,0,0,0,0,0.0650265
646944,9,1,211893,60015,51959,151878,320976,0,0,0,0,0.0700927
646949,9,1,219708,62524,54382,157184,334646,0,0,0,0,0.0768761
646950,9,1,206383,56974,48536,149409,299829,0,0,0,0,0.0966839
646951,9,1,206049,56888,48521,149161,299345,0,0,0,0,0.0784329
646954,9,1,230619,64139,55905,166480,336808,0,0,0,0,0.068598
646955,18,1,216477,60797,52059,155680,324921,0,0,0,0,0.0620727
646958,18,1,211710,59075,50528,152635,315043,0,0,0,0,0.0618311
646959,9,1,212916,58257,49839,154659,305139,0,0,0,0,0.0669562
646962,18,1,167153,44718,37742,122435,235274,0,0,0,0,0.0595149
646980,3,1,153051,41227,35346,111824,218048,0,0,0,0,0.132937
646981,9,1,163512,44263,38407,119249,234405,0,0,0,0,0.0837985
646984,9,1,174056,47537,41105,126519,251921,0,0,0,0,0.0841267
646989,9,1,184771,51854,45625,132917,276375,0,0,0,0,0.0902441
646990,9,1,188511,51790,45268,136721,273895,0,0,0,0,0.0949561
646991,9,1,192793,52967,45500,139826,280489,0,0,0,0,0.0700269
646994,9,1,199452,55261,48060,144191,292908,0,0,0,0,0.0645954
646999,9,1,186812,50809,44094,136003,266724,0,0,0,0,0.060743
647002,18,1,181523,49825,43244,131698,265896,0,0,0,0,0.0698425
647005,18,1,200110,55287,48014,144823,294959,0,0,0,0,0.0684234
647008,18,1,196797,54589,47343,142208,291777,0,0,0,0,0.066951
647020,9,1,202843,56209,49314,146634,296575,0,0,0,0,0.0948104
647021,9,1,204946,56180,48768,148766,295335,0,0,0,0,0.0769277
647024,9,1,207309,57051,49934,150258,300544,0,0,0,0,0.0684494
647029,9,1,186808,50860,44127,135948,267101,0,0,0,0,0.0702267
647042,18,1,181564,49810,43076,131754,265518,0,0,0,0,0.0701884
647045,18,1,201656,55779,48688,145877,297300,0,0,0,0,0.0653619
647048,18,1,199404,55312,47908,144092,295128,0,0,0,0,0.0642664
647070,9,1,150825,40154,34065,110671,211385,0,0,0,0,0.0893009
647071,9,1,182067,50928,44037,131139,270738,0,0,0,0,0.0678325
647072,9,1,159985,43339,36705,116646,229868,0,0,0,0,0.062924
647073,9,1,145012,39188,33479,105824,207568,0,0,0,0,0.0651458
647074,9,1,179502,49862,42963,129640,266120,0,0,0,0,0.0642273
647075,9,1,179380,49927,43241,129453,266075,0,0,0,0,0.0681539
647076,9,1,166483,45728,39955,120755,242308,0,0,0,0,0.0671951
647077,9,1,170910,47405,41537,123505,251576,0,0,0,0,0.0634705
647078,9,1,178063,49923,43189,128140,266063,0,0,0,0,0.0710574
647079,9,1,161428,43970,37543,117458,233442,0,0,0,0,0.0730792
647080,3,1,159891,42845,36008,117046,225187,0,0,0,0,0.0961589
647081,9,1,182160,49971,42564,132189,262824,0,0,0,0,0.0728587
647084,9,1,202645,56555,48931,146090,297331,0,0,0,0,0.0731735
647089,9,1,141643,37288,31203,104355,195365,0,0,0,0,0.0626684
647090,3,1,185584,50667,44523,134917,266533,0,0,0,0,0.0917294
647091,9,1,201168,54875,47682,146293,287580,0,0,0,0,0.0748844
647094,9,1,220777,61165,53352,159612,320576,0,0,0,0,0.103367
647099,9,1,156446,41543,35791,114903,217444,0,0,0,0,0.0611305
647100,3,1,169209,44941,38270,124268,235995,0,0,0,0,0.109587
647101,9,2,244096,66057,57388,178026,349149,1,0,0,0,0.21451
647104,9,1,188237,51398,44052,136839,270678,0,0,0,0,0.0625992
647109,9,1,202448,55576,48394,146872,291684,0,0,0,0,0.0664684
647110,3,1,169378,44977,38273,124401,236191,0,0,0,0,0.083012
647111,9,2,252899,69043,60113,183843,365392,1,0,0,0,0.166366
647114,9,1,200810,55460,48158,145350,293472,0,0,0,0,0.0655411
647119,9,1,194175,53536,46563,140639,282137,0,0,0,0,0.0904108
647120,9,1,203704,55503,47540,148201,290834,0,0,0,0,0.0832186
647121,9,1,210136,57729,49611,152407,301740,0,0,0,0,0.0664611
647122,18,1,178638,47547,40139,131091,248024,0,0,0,0,0.0657226
647124,9,1,205576,57008,49514,148568,299577,0,0,0,0,0.0801338
647125,18,1,215902,59924,51604,155978,317465,0,0,0,0,0.063091
647128,18,1,199460,54640,46525,144820,288240,0,0,0,0,0.0587347
647129,9,1,190045,52150,44660,137895,274020,0,0,0,0,0.0681344
647150,3,1,197718,54168,47905,143550,284211,0,0,0,0,0.088572
647151,9,1,212560,57530,50023,155030,299923,0,0,0,0,0.0735322
647154,9,1,227848,62355,54104,165493,324500,0,0,0,0,0.0738002
647159,9,1,168836,45333,39447,123503,237276,0,0,0,0,0.0607423
647160,3,1,175041,47003,40528,128038,246749,0,0,0,0,0.0927088
647161,9,2,246586,66722,57986,179851,352045,1,0,0,0,0.17493
647164,9,1,191694,51395,44201,140299,267684,0,0,0,0,0.0675491
647169,9,1,201828,54829,47585,146999,285882,0,0,0,0,0.0645335
647170,3,1,175096,47011,40554,128085,246758,0,0,0,0,0.0876114
647171,9,2,256690,69808,60706,186869,368566,1,0,0,0,0.191526
647174,9,1,205337,56111,48794,149226,294792,0,0,0,0,0.071093
647179,9,1,193973,52937,45968,141036,277610,0,0,0,0,0.0743263
647180,9,1,212955,58573,50410,154382,306658,0,0,0,0,0.0662186
647181,9,2,348316,96812,83791,251491,510095,1,0,0,0,0.189424
647182,18,1,181932,48545,41254,133387,252727,0,0,0,0,0.0611337
647184,9,1,212289,58620,51096,153669,306102,0,0,0,0,0.0693549
647185,18,1,221664,61015,52658,160649,321194,0,0,0,0,0.0648004
647188,18,1,200753,54613,46478,146140,286916,0,0,0,0,0.0596359
647189,9,1,195095,53055,45192,142040,277204,0,0,0,0,0.0691697
647210,3,1,187639,50164,42663,137475,263703,0,0,0,0,0.0900352
647211,9,1,177695,46986,39648,130709,246313,0,0,0,0,0.0664521
647214,9,1,201921,55199,47307,146722,290929,0,0,0,0,0.068992
647219,9,1,218433,60485,52272,157948,320835,0,0,0,0,0.0726162
647220,3,1,187738,50184,42663,137554,263821,0,0,0,0,0.0880974
647221,9,1,198934,53638,46128,145296,281358,0,0,0,0,0.0825068
647224,9,1,230575,64639,56276,165936,342671,0,0,0,0,0.0836406
647229,9,1,241399,67878,59341,173521,360313,0,0,0,0,0.0783328
647230,9,1,220938,60282,51409,160656,314228,0,0,0,0,0.0686363
647231,9,1,220882,60272,51436,160610,314179,0,0,0,0,0.0706075
647234,9,1,248752,69310,60052,179442,362007,0,0,0,0,0.0700414
647235,18,1,231702,64572,55571,167130,342340,0,0,0,0,0.064509
647238,18,1,229179,63729,54944,165450,337649,0,0,0,0,0.064537
647239,9,1,229129,62246,53509,166883,323366,0,0,0,0,0.0712942
647242,18,1,179583,47895,40805,131688,250181,0,0,0,0,0.0619342
647260,3,1,163431,43658,37675,119773,229272,0,0,0,0,0.12071
647261,9,1,176112,47220,41196,128892,248157,0,0,0,0,0.0803791
647264,9,1,188589,51232,44936,137357,269521,0,0,0,0,0.0796484
647269,9,1,197005,54558,48059,142447,288374,0,0,0,0,0.0867887
647270,9,1,205516,56379,49049,149137,296252,0,0,0,0,0.108377
647271,9,1,209316,57470,49423,151846,302179,0,0,0,0,0.0717351
647274,9,1,216316,59756,52109,156560,313882,0,0,0,0,0.066032
647279,9,1,204792,55369,48026,149423,288182,0,0,0,0,0.0645335
647282,18,1,199876,54483,47296,145393,288449,0,0,0,0,0.0785282
647285,18,1,217429,59819,52400,157610,316604,0,0,0,0,0.091687
647288,18,1,213386,58199,50507,155187,307409,0,0,0,0,0.0664585
647300,9,1,220468,61425,53567,159043,322842,0,0,0,0,0.0941003
647301,9,1,220166,60556,52281,159610,317113,0,0,0,0,0.0732143
647304,9,1,220282,60577,53001,159705,316596,0,0,0,0,0.0662203
647309,9,1,204441,55297,48001,149144,287808,0,0,0,0,0.0641957
647322,18,1,193705,52528,45398,141177,277415,0,0,0,0,0.0661705
647325,18,1,215540,59405,51932,156135,314710,0,0,0,0,0.0703237
647328,18,1,214410,59034,51080,155376,312472,0,0,0,0,0.0639955
647350,9,1,158328,41933,35435,116395,219078,0,0,0,0,0.0769032
647351,9,1,191519,53425,46046,138094,281923,0,0,0,0,0.0672613
647352,9,1,167743,44840,38087,122903,235288,0,0,0,0,0.0777269
647353,9,1,150733,40336,34298,110397,212188,0,0,0,0,0.0688878
647354,9,1,188251,51758,44625,136493,273330,0,0,0,0,0.0843942
647355,9,1,189231,52079,44962,137152,274693,0,0,0,0,0.0898659
647356,9,1,178714,49039,42590,129675,258771,0,0,0,0,0.0824528
647357,9,1,183529,50895,44378,132634,268706,0,0,0,0,0.100217
647358,9,1,186986,51682,44816,135304,272215,0,0,0,0,0.0941227
647359,9,1,174285,47049,40085,127236,247589,0,0,0,0,0.0745004
647360,3,1,173214,46119,40301,127095,242524,0,0,0,0,0.0998662
647361,9,1,191242,52240,45380,139002,275771,0,0,0,0,0.0993534
647364,9,1,208644,57698,50244,150946,304202,0,0,0,0,0.0917272
647369,9,1,154446,40676,35040,113770,213135,0,0,0,0,0.0882346
647370,3,1,175316,46511,41174,128805,242321,0,0,0,0,0.113249
647371,9,1,189511,50919,44655,138592,264988,0,0,0,0,0.0621343
647374,9,1,206286,55816,48943,150470,290317,0,0,0,0,0.0759706
647379,9,1,155170,40887,35451,114283,212531,0,0,0,0,0.0691148
647380,3,1,160039,41944,36704,118095,220192,0,0,0,0,0.0977629
647381,9,1,166374,43862,38344,122512,229348,0,0,0,0,0.0669122
647384,9,1,183615,49216,43136,134399,258180,0,0,0,0,0.07322
647389,9,1,182839,49396,43550,133443,258984,0,0,0,0,0.0832098
647390,3,1,160269,42015,36744,118254,220552,0,0,0,0,0.0807086
647391,9,2,343416,91505,80112,251899,478190,1,0,0,0,0.215838
647394,9,1,191573,52276,45586,139297,275809,0,0,0,0,0.0900232
647399,9,1,175062,47358,41493,127704,248710,0,0,0,0,0.0575804
647400,9,1,177521,47644,41682,129877,248851,0,0,0,0,0.0547272
647401,9,1,182070,48389,42519,133681,251024,0,0,0,0,0.0764709
647402,18,2,157842,42199,36597,115631,222675,1,0,0,0,0.164592
647404,9,2,271408,75054,65733,196341,396783,1,0,0,0,0.17337
647405,18,2,178738,48715,42517,130010,257891,1,0,0,0,0.131394
647408,18,2,285039,79100,68850,205927,420780,1,0,0,0,0.165671
647409,9,2,274259,75418,66048,198828,399217,1,0,0,0,0.19083
647430,3,1,172668,46263,40927,126405,242003,0,0,0,0,0.107568
647431,9,2,163286,42414,36666,120860,220393,1,0,0,0,0.180159
647434,9,2,168031,43932,38270,124087,228813,1,0,0,0,0.173302
647439,9,1,154572,40753,35230,113819,211873,0,0,0,0,0.0850747
647440,3,1,215010,59675,52159,155335,315786,0,0,0,0,0.113099
647441,9,2,183806,50063,43715,133731,264032,1,0,0,0,0.184091
647444,9,2,284061,78447,68914,205602,413971,1,0,0,0,0.190698
647449,9,1,206534,55275,47954,151259,287468,0,0,0,0,0.0592581
647450,3,1,215027,59684,52169,155343,315831,0,0,0,0,0.121398
647451,9,2,190102,52174,45487,137916,275595,1,0,0,0,0.177512
647454,9,2,269589,74121,65039,195456,390995,1,0,0,0,0.185624
647459,9,1,201444,54432,47281,147012,284973,0,0,0,0,0.0707388
647460,9,2,174162,46490,40085,127659,243565,1,0,0,0,0.190814
647461,9,2,178059,47873,41306,130173,251348,1,0,0,0,0.171077
647462,18,1,199956,53869,46589,146087,280611,0,0,0,0,0.0593491
647464,9,1,172299,46343,40940,125956,242062,0,0,0,0,0.0704187
647465,18,2,171935,45753,39909,126169,240031,1,0,0,0,0.142765
647468,18,2,173401,46255,40166,127133,243045,1,0,0,0,0.125445
647469,9,1,187229,51542,45251,135687,271412,0,0,0,0,0.0879673
647490,3,1,190066,51855,45729,138211,272955,0,0,0,0,0.0875988
647491,9,2,325204,88359,76323,236832,465424,1,0,0,0,0.171521
647494,9,2,334674,91940,80326,242721,483966,1,0,0,0,0.166516
647499,9,2,283113,78245,68463,204857,413704,1,0,0,0,0.144491
647500,3,1,190003,51837,45719,138166,272846,0,0,0,0,0.0774282
647501,9,2,261509,72361,63135,189136,383504,1,0,0,0,0.146213
647504,9,2,165172,43869,38306,121290,229880,1,0,0,0,0.151127
647509,9,2,282008,78384,69043,203613,415100,1,0,0,0,0.147649
647510,9,1,201393,54989,47683,146404,287450,0,0,0,0,0.0719734
647511,9,1,205598,56083,48677,149515,292277,0,0,0,0,0.0853726
647514,9,1,189365,51903,45980,137462,272176,0,0,0,0,0.08254
647515,18,1,208675,57373,50099,151302,301864,0,0,0,0,0.0579961
647518,18,1,212459,58309,50860,154150,306237,0,0,0,0,0.0590748
647519,9,1,205322,56922,50063,148400,298717,0,0,0,0,0.0652389
647522,18,1,194883,52456,45143,142427,273065,0,0,0,0,0.0570453
647540,3,1,190878,52695,46078,138183,277690,0,0,0,0,0.0893606
647541,9,1,192431,51769,45095,140662,270624,0,0,0,0,0.0632207
647544,9,1,201075,55208,47994,145867,290091,0,0,0,0,0.06588
647549,9,2,269681,74033,64853,195636,391474,1,0,0,0,0.161446
647550,9,1,206351,56405,48786,149946,295103,0,0,0,0,0.0652464
647551,9,2,284135,78950,68894,205173,418693,1,0,0,0,0.153735
647554,9,2,358127,98487,85999,259627,517750,1,0,0,0,0.166225
647559,9,1,193555,53017,46346,140538,278369,0,0,0,0,0.0612709
647562,18,1,220859,61512,53542,159347,325136,0,0,0,0,0.0625382
647565,18,1,233234,65259,56862,167975,345924,0,0,0,0,0.0637534
647568,18,2,293734,81484,71332,212238,432196,1,0,0,0,0.180572
647580,9,1,213154,58424,50178,154730,304794,0,0,0,0,0.0765443
647581,9,2,282121,78172,68228,203937,413364,1,0,0,0,0.163397
647584,9,2,352344,96835,84366,255496,508987,1,0,0,0,0.195205
647589,9,1,186193,51119,44563,135074,269258,0,0,0,0,0.0661834
647602,18,1,208049,57454,49692,150595,303656,0,0,0,0,0.0643478
647605,18,1,237063,67041,58191,170022,356481,0,0,0,0,0.0855042
647608,18,1,203919,55948,48351,147971,293673,0,0,0,0,0.0732056
647630,9,1,169724,45947,39387,123777,240671,0,0,0,0,0.0794043
647631,9,1,187792,50618,43802,137174,263565,0,0,0,0,0.0636679
647632,9,1,177205,47441,40775,129764,247602,0,0,0,0,0.0525204
647633,9,1,178294,48191,41907,130103,252743,0,0,0,0,0.0636211
647634,9,1,198077,53714,46437,144363,281918,0,0,0,0,0.0602149
647635,9,1,207366,56108,48516,151258,292930,0,0,0,0,0.0603444
647636,9,1,198418,54894,48277,143524,288447,0,0,0,0,0.066284
647637,9,2,247252,66327,57888,180913,345688,1,0,0,0,0.169156
647638,9,1,180327,48709,42394,131618,255226,0,0,0,0,0.0586086
647639,9,1,180142,48711,42403,131431,255320,0,0,0,0,0.0629788
647640,3,1,174928,46942,41077,127986,247422,0,0,0,0,0.0968924
647641,9,1,192454,52700,45733,139754,278480,0,0,0,0,0.0680956
647644,9,1,210129,58290,50677,151839,307700,0,0,0,0,0.0754175
647649,9,1,155452,41097,35414,114355,215597,0,0,0,0,0.0631751
647650,3,1,184928,48728,43048,136200,252993,0,0,0,0,0.0836917
647651,9,1,197289,52709,45934,144580,273043,0,0,0,0,0.0621637
647654,9,1,215034,58061,50919,156973,301041,0,0,0,0,0.0677883
647659,9,1,161231,42298,36713,118933,219204,0,0,0,0,0.0581456
647660,3,1,169070,44261,38973,124809,231545,0,0,0,0,0.0800741
647661,9,1,174391,45821,40220,128570,238594,0,0,0,0,0.0647827
647664,9,1,189577,50706,44520,138871,264892,0,0,0,0,0.0777249
647669,9,1,187680,50323,44459,137357,262366,0,0,0,0,0.0762314
647670,3,1,169400,44354,39027,125046,232012,0,0,0,0,0.113147
647671,9,2,354060,94218,82740,259830,491403,1,0,0,0,0.192762
647674,9,1,198346,53986,47283,144360,283810,0,0,0,0,0.0886803
647679,9,1,180588,48627,42694,131961,254452,0,0,0,0,0.0578002
647680,9,1,184013,49300,43617,134713,256852,0,0,0,0,0.0609815
647681,9,1,187984,49958,44110,138026,258503,0,0,0,0,0.0574216
647682,18,2,159455,42329,36635,117114,222921,1,0,0,0,0.191275
647684,9,2,278798,76974,67387,201811,406297,1,0,0,0,0.198899
647685,18,2,181617,49331,43099,132273,260721,1,0,0,0,0.168377
647688,18,2,290609,80435,70091,210162,426994,1,0,0,0,0.170381
647689,9,2,281215,77387,67771,203815,409363,1,0,0,0,0.203194
647710,3,1,164208,43503,38183,120705,226570,0,0,0,0,0.0797447
647711,9,2,165800,43318,37544,122470,225883,1,0,0,0,0.131928
647714,9,2,170702,44954,39040,125736,234950,1,0,0,0,0.126182
647719,9,1,152432,39926,34347,112506,206933,0,0,0,0,0.0560587
647720,3,1,206074,56206,49215,149868,296296,0,0,0,0,0.0846367
647721,9,2,178869,48545,42348,130312,256422,1,0,0,0,0.127205
647724,9,2,286609,79449,69949,207148,420327,1,0,0,0,0.155476
647729,9,1,210671,56794,49465,153877,295804,0,0,0,0,0.0608608
647730,3,1,206284,56249,49235,150035,296502,0,0,0,0,0.107713
647731,9,2,188924,52094,45470,136818,276228,1,0,0,0,0.167004
647734,9,2,267116,73619,64929,193485,389109,1,0,0,0,0.174863
647739,9,1,201781,54778,47296,147003,286909,0,0,0,0,0.0577858
647740,9,2,177224,47575,41016,129636,250175,1,0,0,0,0.133451
647741,9,2,181160,48851,42215,132296,257055,1,0,0,0,0.132602
647742,18,1,194116,52259,45153,141857,272837,0,0,0,0,0.056991
647744,9,1,173183,47036,41475,126147,246483,0,0,0,0,0.060537
647745,18,2,170183,45293,39416,124877,238145,1,0,0,0,0.120877
647748,18,2,171303,45551,39642,125739,239331,1,0,0,0,0.125236
647749,9,1,181413,49326,43192,132087,259327,0,0,0,0,0.074767
647770,3,1,181554,49161,42707,132393,259224,0,0,0,0,0.083649
647771,9,1,174006,46740,40398,127266,245526,0,0,0,0,0.052855
647774,9,1,189604,52152,45483,137452,273963,0,0,0,0,0.0619975
647779,9,2,275508,75678,66413,199819,400293,1,0,0,0,0.1584
647780,3,1,181667,49191,42733,132476,259347,0,0,0,0,0.0777386
647781,9,2,255309,70764,61615,184533,376157,1,0,0,0,0.151179
647784,9,2,262925,72482,63745,190431,383719,1,0,0,0,0.166731
647789,9,2,289352,80661,70785,208680,427939,1,0,0,0,0.180347
647790,9,1,194563,53105,45768,141458,278261,0,0,0,0,0.0815398
647791,9,1,199955,54460,47102,145495,284462,0,0,0,0,0.0569579
647794,9,1,184314,49818,44096,134496,260175,0,0,0,0,0.0620293
647795,18,1,206827,56347,48900,150480,295987,0,0,0,0,0.0595792
647798,18,1,214422,58936,51343,155486,309992,0,0,0,0,0.0636653
647799,9,1,211059,58705,51574,152354,308217,0,0,0,0,0.0664251
647802,18,1,183029,48750,41673,134279,253901,0,0,0,0,0.0596268
647820,3,1,175462,48086,41898,127376,253913,0,0,0,0,0.105576
647821,9,1,185814,50795,44011,135019,268184,0,0,0,0,0.068211
647824,9,1,188697,51228,44117,137469,269248,0,0,0,0,0.0646604
647829,9,2,267036,73396,63960,193628,389285,1,0,0,0,0.164777
647830,9,1,195598,53467,46165,142131,280741,0,0,0,0,0.0691264
647831,9,2,283253,78596,68320,204645,417463,1,0,0,0,0.157831
647834,9,1,219054,59823,52141,159231,312085,0,0,0,0,0.0620765
647839,9,1,191907,52514,46088,139393,276278,0,0,0,0,0.062024
647842,18,1,207462,57326,49546,150136,304394,0,0,0,0,0.086002
647845,18,1,231147,64152,55791,166995,339502,0,0,0,0,0.0758922
647848,18,2,293851,81748,71438,212091,434656,1,0,0,0,0.164374
647860,9,1,203974,56116,48375,147858,294354,0,0,0,0,0.0697598
647861,9,2,280650,77653,67540,202985,411397,1,0,0,0,0.171432
647864,9,1,213388,58627,51130,154761,307144,0,0,0,0,0.0608765
647869,9,1,190443,52004,45310,138439,273195,0,0,0,0,0.0603141
647882,18,1,203522,56486,48392,147036,300573,0,0,0,0,0.0619061
647885,18,1,236897,66841,58112,170056,355535,0,0,0,0,0.0672891
647888,18,1,204270,56105,48791,148165,294842,0,0,0,0,0.0597302
647910,9,1,158564,42734,36406,115830,224501,0,0,0,0,0.0624712
647911,9,1,183731,49726,43139,134005,260222,0,0,0,0,0.0563482
647912,9,1,173929,46743,40113,127186,245275,0,0,0,0,0.0513329
647913,9,1,167982,45127,39025,122855,237166,0,0,0,0,0.0579546
647914,9,1,189021,50610,43595,138411,264612,0,0,0,0,0.0540211
647915,9,1,205830,55756,48436,150074,291299,0,0,0,0,0.0589188
647916,9,1,203795,56203,49345,147592,294469,0,0,0,0,0.0621693
647917,9,2,248696,66484,57996,182200,345859,1,0,0,0,0.150993
647918,9,1,174941,47062,40695,127879,247382,0,0,0,0,0.0798878
647919,9,1,182840,49399,43252,133441,258736,0,0,0,0,0.0597829
647920,3,1,181812,47633,41861,134179,247083,0,0,0,0,0.0774962
647921,9,2,185907,50119,44070,135775,262392,1,0,0,0,0.135409
647924,9,2,200645,54470,47827,146162,285271,1,0,0,0,0.134667
647929,9,1,158922,41383,35731,117539,214425,0,0,0,0,0.0546764
647930,3,1,180886,47258,41583,133628,244774,0,0,0,0,0.0786093
647931,9,2,185563,50036,43984,135514,261968,1,0,0,0,0.134597
647934,9,2,200118,54358,47744,145747,284760,1,0,0,0,0.136714
647939,9,1,159214,41418,35805,117796,214485,0,0,0,0,0.0518745
647940,3,1,179511,47655,41743,131856,250632,0,0,0,0,0.0853615
647941,9,1,181833,48475,42181,133358,254296,0,0,0,0,0.0591981
647944,9,1,197580,53695,47060,143885,283202,0,0,0,0,0.0660045
647949,9,2,289011,79887,70404,209111,424627,1,0,0,0,0.16334
647950,3,1,179641,47691,41769,131950,250845,0,0,0,0,0.082933
647951,9,2,358424,96430,84223,261982,504801,1,0,0,0,0.1901
647954,9,1,213586,58720,51889,154866,309505,0,0,0,0,0.0663697
647959,9,2,304973,85975,76071,218985,458854,1,0,0,0,0.163794
647960,9,1,200032,53895,46967,146137,279671,0,0,0,0,0.0608322
647961,9,1,199816,53837,46948,145979,279357,0,0,0,0,0.0622157
647962,18,2,156179,41494,35912,114673,218862,1,0,0,0,0.177435
647964,9,2,163593,43980,38509,119600,231562,1,0,0,0,0.171663
647965,18,2,290073,80330,70312,209731,427933,1,0,0,0,0.192186
647968,18,2,295530,82149,71833,213369,437660,1,0,0,0,0.194512
647969,9,2,173588,46332,40425,127243,243606,1,0,0,0,0.163685
647990,3,1,154990,40129,34373,114861,206875,0,0,0,0,0.101329
647991,9,2,178796,46816,40807,131968,242123,1,0,0,0,0.151038
647994,9,2,183498,47947,42003,135539,247362,1,0,0,0,0.143235
647999,9,1,146339,37647,31743,108692,193336,0,0,0,0,0.0619416
648000,3,1,191697,50861,44357,140836,264563,0,0,0,0,0.11551
648001,9,2,172445,46611,40617,125822,246051,1,0,0,0,0.154962
648004,9,2,271239,74457,65740,196770,393407,1,0,0,0,0.162665
648009,9,1,192251,51154,44071,141097,266460,0,0,0,0,0.0822377
648010,3,1,191599,50850,44341,140749,264513,0,0,0,0,0.0867539
648011,9,2,176362,47789,41599,128561,252254,1,0,0,0,0.136188
648014,9,2,264315,72637,63793,191666,384074,1,0,0,0,0.166994
648019,9,1,197999,53246,45927,144753,278299,0,0,0,0,0.0581662
648020,9,2,175411,47245,41016,128154,248404,1,0,0,0,0.136371
648021,9,2,178580,48275,41874,130293,254173,1,0,0,0,0.13088
648022,18,1,188587,50097,43059,138490,259152,0,0,0,0,0.0548505
648024,9,2,288915,78945,68674,209958,416099,1,0,0,0,0.214464
648025,18,2,171479,45467,39656,126000,238399,1,0,0,0,0.134915
648028,18,2,177693,47306,41315,130375,248530,1,0,0,0,0.129342
648029,9,1,190504,51256,44630,139248,267769,0,0,0,0,0.0613671
648050,3,1,177187,47867,41608,129320,251673,0,0,0,0,0.100082
648051,9,2,244447,67520,58846,176914,358765,1,0,0,0,0.173391
648054,9,2,267765,73310,64405,194443,388165,1,0,0,0,0.176468
648059,9,1,191564,51366,44437,140198,268358,0,0,0,0,0.0620352
648060,3,1,177119,47849,41585,129270,251572,0,0,0,0,0.079684
648061,9,2,256420,71537,62192,184870,380703,1,0,0,0,0.168261
648064,9,2,260627,71265,62224,189350,377587,1,0,0,0,0.19718
648069,9,1,204261,55946,48762,148315,294605,0,0,0,0,0.0629025
648070,9,1,193121,52610,45354,140511,275580,0,0,0,0,0.0811992
648071,9,1,201707,55235,47862,146472,288418,0,0,0,0,0.0778537
648074,9,2,308691,84618,74110,224061,445148,1,0,0,0,0.202573
648075,18,1,209717,56265,48838,153452,294010,0,0,0,0,0.0784808
648078,18,1,224800,61125,53038,163675,320759,0,0,0,0,0.0689426
648079,9,1,207753,55862,48831,151891,290357,0,0,0,0,0.0665194
648082,18,1,188610,50114,43059,138496,259270,0,0,0,0,0.0568798
648100,3,1,147139,38236,32313,108903,199679,0,0,0,0,0.118683
648101,9,1,195207,53073,45978,142134,278099,0,0,0,0,0.0881401
648104,9,1,215021,58819,50954,156202,307629,0,0,0,0,0.0860828
648109,9,1,166327,45032,38741,121295,237001,0,0,0,0,0.0643956
648110,9,1,179634,48562,41007,131072,254830,0,0,0,0,0.0847524
648111,9,1,192399,52244,45411,140155,274863,0,0,0,0,0.0757986
648114,9,1,210427,56956,49817,153471,297908,0,0,0,0,0.0836267
648119,9,1,187934,50973,44605,136961,268839,0,0,0,0,0.0926107
648122,18,1,216121,59506,51480,156615,315926,0,0,0,0,0.0926923
648125,18,1,232902,63999,55692,168903,337963,0,0,0,0,0.0749552
648128,18,2,282307,77855,68011,204440,413520,1,0,0,0,0.171028
648140,9,1,187914,50758,43290,137156,265001,0,0,0,0,0.073676
648141,9,1,198729,53899,46698,144830,282423,0,0,0,0,0.0613529
648144,9,1,217939,59044,51410,158895,307417,0,0,0,0,0.0646731
648149,9,1,204265,56267,49152,147998,296788,0,0,0,0,0.0747846
648162,18,1,219940,60815,52414,159125,323211,0,0,0,0,0.0747611
648165,18,1,232187,63944,55550,168243,338219,0,0,0,0,0.0951242
648168,18,1,195279,53217,46143,142062,279656,0,0,0,0,0.0774435
648190,9,1,139248,36154,29782,103094,188232,0,0,0,0,0.0799446
648191,9,1,173784,46120,39239,127664,240894,0,0,0,0,0.0684513
648192,9,1,176033,46808,39955,129225,244848,0,0,0,0,0.055215
648193,9,2,263759,71032,61955,192715,374535,1,0,0,0,0.202182
648194,9,2,279694,75777,65780,203904,398405,1,0,0,0,0.18219
648195,9,1,193993,51598,44603,142395,268609,0,0,0,0,0.0820994
648196,9,2,271089,73845,64631,197232,390199,1,0,0,0,0.179429
648197,9,1,153332,39553,33741,113779,200609,0,0,0,0,0.054315
648198,9,1,167760,44434,38277,123326,233359,0,0,0,0,0.0637601
648199,9,1,192678,52596,45909,140082,277077,0,0,0,0,0.0667616
648200,3,1,176471,46516,40797,129955,243534,0,0,0,0,0.120522
648201,9,1,176962,47676,41321,129286,249583,0,0,0,0,0.0616867
648204,9,1,194292,53016,46130,141276,278388,0,0,0,0,0.0661792
648209,9,1,182597,48894,42774,133703,255264,0,0,0,0,0.0643103
648210,3,1,176725,46603,40882,130122,244039,0,0,0,0,0.0881508
648211,9,1,176903,47628,41293,129275,249225,0,0,0,0,0.0615353
648214,9,1,194231,53001,46124,141230,278293,0,0,0,0,0.0658639
648219,9,1,182739,48909,42793,133830,255263,0,0,0,0,0.0597437
648220,3,1,175200,46209,40324,128991,242669,0,0,0,0,0.104847
648221,9,1,177417,47652,40893,129765,250901,0,0,0,0,0.0859256
648224,9,1,214045,59335,51673,154710,312637,0,0,0,0,0.118651
648229,9,1,214030,58726,51320,155304,308417,0,0,0,0,0.0947176
648230,3,1,178384,46788,41232,131596,244946,0,0,0,0,0.133842
648231,9,1,192127,51821,45493,140306,273117,0,0,0,0,0.0867902
648234,9,1,204699,56222,49788,148477,297431,0,0,0,0,0.087728
648239,9,1,209564,57989,51491,151575,307150,0,0,0,0,0.0885062
648240,9,1,188805,50881,44462,137924,266466,0,0,0,0,0.0828319
648241,9,1,182502,49419,42447,133083,260002,0,0,0,0,0.0771221
648242,18,2,174249,47717,41856,126519,252889,1,0,0,0,0.174484
648244,9,2,162708,43543,37878,119153,229134,1,0,0,0,0.157167
648245,18,2,175373,48190,42346,127170,255855,1,0,0,0,0.170315
648248,18,2,173375,47330,41145,126032,251185,1,0,0,0,0.195662
648249,9,2,170933,45778,39898,125143,240977,1,0,0,0,0.183317
648270,3,1,185085,48050,41801,137035,249213,0,0,0,0,0.0818709
648271,9,2,179190,46501,40295,132677,239921,1,0,0,0,0.152562
648274,9,1,195285,52796,46492,142489,276019,0,0,0,0,0.0678549
648279,9,2,275558,72672,63417,202874,376971,1,0,0,0,0.176404
648280,3,1,169857,43312,37730,126545,223156,0,0,0,0,0.115207
648281,9,2,169074,44821,39017,124241,234980,1,0,0,0,0.1461
648284,9,1,193736,52428,46216,141308,274916,0,0,0,0,0.0649527
648289,9,2,282288,76636,67359,205639,403290,1,0,0,0,0.224502
648290,3,1,192066,50490,43902,141576,262500,0,0,0,0,0.0942305
648291,9,1,209442,56755,49705,152687,296628,0,0,0,0,0.0720904
648294,9,1,223861,60915,53318,162946,318119,0,0,0,0,0.0755882
648299,9,2,294828,79980,70188,214835,420947,1,0,0,0,0.219403
648300,9,2,177867,47947,41558,129907,252070,1,0,0,0,0.173769
648301,9,2,273222,74448,65257,198762,392519,1,0,0,0,0.21615
648302,18,2,291091,80607,70493,210471,427861,1,0,0,0,0.155361
648304,9,2,162411,42899,37116,119499,224351,1,0,0,0,0.130462
648305,18,1,225213,61932,54006,163281,327340,0,0,0,0,0.0628495
648308,18,1,208440,56579,49759,151861,296593,0,0,0,0,0.0623929
648309,9,1,188674,51276,44597,137398,268967,0,0,0,0,0.0610269
648330,3,1,163075,41828,36313,121247,216978,0,0,0,0,0.078044
648331,9,1,170565,44482,38264,126083,230978,0,0,0,0,0.0553867
648334,9,1,193893,52525,45909,141368,275869,0,0,0,0,0.0617185
648339,9,1,193948,52684,46210,141264,275417,0,0,0,0,0.0632626
648340,3,1,180953,47565,41060,133388,248502,0,0,0,0,0.100072
648341,9,1,199809,54351,47234,145458,286805,0,0,0,0,0.0701222
648344,9,1,211604,57763,50405,153841,303413,0,0,0,0,0.0702244
648349,9,1,199188,53969,47422,145219,283886,0,0,0,0,0.0701153
648350,9,2,278824,76754,66591,202057,405816,1,0,0,0,0.186156
648351,9,1,182707,49025,42692,133682,257017,0,0,0,0,0.0667916
648354,9,2,164654,44185,38321,120456,232326,1,0,0,0,0.147652
648355,18,1,228603,63561,55471,165042,336414,0,0,0,0,0.0713698
648358,18,1,205983,56379,49785,149604,297139,0,0,0,0,0.0641096
648359,9,1,192471,52653,45902,139818,276121,0,0,0,0,0.0726069
648362,18,2,284362,78905,68872,205444,419842,1,0,0,0,0.172342
648380,3,1,170493,44779,38491,125714,234649,0,0,0,0,0.105208
648381,9,1,202916,55611,48121,147305,293452,0,0,0,0,0.0738066
648384,9,1,219394,60176,52184,159218,315900,0,0,0,0,0.0761804
648389,9,1,181914,49157,43094,132757,259061,0,0,0,0,0.0740515
648390,9,1,177565,47478,40752,130087,247955,0,0,0,0,0.0698077
648391,9,1,193685,52016,44636,141669,272121,0,0,0,0,0.0693525
648394,9,1,204027,54596,47371,149431,284562,0,0,0,0,0.06564
648399,9,1,200811,54911,47662,145900,286717,0,0,0,0,0.0774785
648402,18,1,216157,60447,52665,155710,321853,0,0,0,0,0.0713114
648405,18,1,232319,65003,56916,167316,345301,0,0,0,0,0.0711787
648408,18,1,198604,54313,47543,144291,287324,0,0,0,0,0.0733805
648420,9,1,177608,48785,42118,128823,257489,0,0,0,0,0.0718404
648421,9,1,185173,50490,43985,134683,265702,0,0,0,0,0.0743835
648424,9,1,196247,53127,46182,143120,278238,0,0,0,0,0.071008
648429,9,1,203110,56039,49662,147071,295763,0,0,0,0,0.0968605
648442,18,1,205255,57440,50061,147815,306238,0,0,0,0,0.086429
648445,18,1,212846,58947,51727,153899,312577,0,0,0,0,0.0881945
648448,18,1,215123,60022,52482,155101,318468,0,0,0,0,0.0716159
648470,9,1,173720,46844,40718,126876,245728,0,0,0,0,0.0704109
648471,9,1,184760,50276,44026,134484,263925,0,0,0,0,0.0635863
648472,9,1,173494,45817,39940,127677,238484,0,0,0,0,0.0586982
648473,9,2,261190,70259,60924,190918,370712,1,0,0,0,0.203166
648474,9,1,201227,54974,48414,146253,286943,0,0,0,0,0.0954085
648475,9,1,182506,48105,42168,134401,249146,0,0,0,0,0.0922968
648476,9,2,269109,73109,63895,195987,386134,1,0,0,0,0.179941
648477,9,2,266633,71521,62106,195100,375166,1,0,0,0,0.234
648478,9,1,204110,54882,47515,149228,284893,0,0,0,0,0.0806527
648479,9,1,193718,52613,46752,141105,276716,0,0,0,0,0.0856457
648480,3,1,177669,46973,41188,130696,246221,0,0,0,0,0.0877315
648481,9,2,298866,82145,71830,216709,432240,1,0,0,0,0.190958
648484,9,1,182984,48515,42299,134469,252637,0,0,0,0,0.0656841
648489,9,1,161382,42183,36646,119199,219521,0,0,0,0,0.0590629
648490,3,1,177923,47060,41268,130863,246726,0,0,0,0,0.105528
648491,9,2,298467,82029,71746,216426,431586,1,0,0,0,0.18024
648494,9,1,182931,48521,42318,134410,252698,0,0,0,0,0.0769951
648499,9,1,161256,42131,36585,119125,219230,0,0,0,0,0.0940729
648500,3,1,176377,46638,40663,129739,245082,0,0,0,0,0.115632
648501,9,2,285077,78601,68742,206463,416689,1,0,0,0,0.264492
648504,9,1,233260,64787,56739,168473,340470,0,0,0,0,0.111745
648509,9,2,315327,87870,77627,227444,464909,1,0,0,0,0.192142
648510,3,1,180907,47761,42156,133146,250551,0,0,0,0,0.135874
648511,9,1,188245,50303,44399,137942,264574,0,0,0,0,0.0854243
648514,9,1,201600,54824,48851,146776,289214,0,0,0,0,0.0894986
648519,9,1,196022,52916,46714,143106,278493,0,0,0,0,0.0866319
648520,9,1,200897,53495,46942,147402,278335,0,0,0,0,0.0853247
648521,9,1,190721,51237,44451,139484,268043,0,0,0,0,0.0658861
648522,18,2,272968,74916,65494,198041,396955,1,0,0,0,0.184581
648524,9,2,166112,44582,38943,121518,234465,1,0,0,0,0.180978
648525,18,2,285070,78765,69342,206292,418847,1,0,0,0,0.211242
648528,18,2,289580,80421,70351,209146,428385,1,0,0,0,0.188905
648529,9,2,168654,45033,39308,123609,236702,1,0,0,0,0.195608
648550,3,1,185297,48127,41838,137170,249663,0,0,0,0,0.0847965
648551,9,2,179318,46665,40342,132641,241081,1,0,0,0,0.134564
648554,9,2,259721,69194,60080,190515,360252,1,0,0,0,0.158893
648559,9,2,266470,70225,60999,196233,364753,1,0,0,0,0.15494
648560,3,1,171305,43771,38162,127534,225610,0,0,0,0,0.0799981
648561,9,2,171571,45499,39637,126060,238487,1,0,0,0,0.136412
648564,9,2,255290,69253,60734,186025,365377,1,0,0,0,0.162663
648569,9,2,277663,75161,65906,202489,395233,1,0,0,0,0.156044
648570,3,1,193153,50999,44300,142154,265523,0,0,0,0,0.0917213
648571,9,2,272731,75293,66047,197426,398184,1,0,0,0,0.161781
648574,9,2,279611,77353,68153,202246,408575,1,0,0,0,0.160152
648579,9,2,280311,75431,66205,204867,395747,1,0,0,0,0.165582
648580,9,2,180004,48533,42070,131458,254868,1,0,0,0,0.144548
648581,9,2,280073,76311,66761,203750,402070,1,0,0,0,0.171247
648582,18,2,284890,78526,68398,206351,415993,1,0,0,0,0.153193
648584,9,2,164974,43710,37983,121251,228507,1,0,0,0,0.145202
648585,18,2,334938,92377,80878,242549,489697,1,0,0,0,0.203822
648588,18,1,195887,52253,45575,143634,272915,0,0,0,0,0.0777739
648589,9,1,176126,47152,40906,128974,247299,0,0,0,0,0.0597263
648610,3,1,165608,42697,37080,122911,221818,0,0,0,0,0.0839749
648611,9,1,193128,50559,43876,142569,261265,0,0,0,0,0.0620195
648614,9,2,257811,70484,61692,187315,373682,1,0,0,0,0.171775
648619,9,1,194844,52694,46352,142150,276369,0,0,0,0,0.0797998
648620,3,1,184594,49001,42420,135593,256674,0,0,0,0,0.113282
648621,9,1,200715,54155,47214,146560,285008,0,0,0,0,0.0754069
648624,9,2,266840,73612,64579,193216,390256,1,0,0,0,0.176426
648629,9,1,183061,48607,42423,134454,254603,0,0,0,0,0.0659782
648630,9,2,283307,77811,67603,205483,410681,1,0,0,0,0.173505
648631,9,1,180363,48139,41873,132224,252002,0,0,0,0,0.0616137
648634,9,2,168059,45004,38997,123042,236310,1,0,0,0,0.168811
648635,18,1,231520,64155,56151,167365,339289,0,0,0,0,0.0661545
648638,18,1,198375,53427,46554,144948,280738,0,0,0,0,0.0596113
648639,9,1,191959,52296,45687,139663,274989,0,0,0,0,0.0629711
648642,18,2,281694,77874,67650,203807,413305,1,0,0,0,0.152875
648660,3,1,173426,46132,39862,127294,242477,0,0,0,0,0.102176
648661,9,1,195454,52999,46096,142455,279195,0,0,0,0,0.0874306
648664,9,1,210999,58099,50722,152900,306959,0,0,0,0,0.0695003
648669,9,1,168545,44492,38438,124053,233447,0,0,0,0,0.0638396
648670,9,1,187871,50086,43273,137785,260490,0,0,0,0,0.0730299
648671,9,1,202117,54112,46573,148005,281811,0,0,0,0,0.0840381
648674,9,1,214980,57361,49668,157619,297097,0,0,0,0,0.066142
648679,9,1,212460,57667,50113,154793,299677,0,0,0,0,0.0711837
648682,18,1,205599,56630,48972,148969,300504,0,0,0,0,0.0632443
648685,18,1,226696,62762,54875,163934,332721,0,0,0,0,0.072827
648688,18,1,191132,51623,44760,139509,272315,0,0,0,0,0.0645417
648700,9,1,169555,45282,38870,124273,237542,0,0,0,0,0.0748028
648701,9,1,181274,48976,42642,132298,257503,0,0,0,0,0.0743825
648704,9,1,194831,52768,45954,142063,277278,0,0,0,0,0.0639824
648709,9,1,197531,53895,47380,143636,283962,0,0,0,0,0.0904156
648722,18,2,274736,75959,66286,198764,404247,1,0,0,0,0.17264
648725,18,2,286704,79471,69555,207220,422697,1,0,0,0,0.177125
648728,18,2,163468,43329,37465,120126,227948,1,0,0,0,0.149424
648750,9,1,151702,39253,33467,112449,204259,0,0,0,0,0.0785894
648751,9,1,168108,44506,38496,123602,233078,0,0,0,0,0.082194
648752,9,1,157772,41178,35452,116594,214791,0,0,0,0,0.0576408
648753,9,2,255657,68171,58991,187473,359429,1,0,0,0,0.170103
648754,9,1,190206,51042,44650,139164,267247,0,0,0,0,0.064271
648755,9,1,167465,43684,37903,123781,226910,0,0,0,0,0.0783478
648756,9,2,262447,70653,61720,191781,373116,1,0,0,0,0.201929
648757,9,1,167384,43295,37596,124089,223657,0,0,0,0,0.0627453
648758,9,1,204712,55091,47671,149621,286133,0,0,0,0,0.0807177
648759,9,1,172481,45394,39535,127087,237094,0,0,0,0,0.0797689
648760,9,1,165783,42838,37054,122945,219186,0,0,0,0,0.0512858
648761,9,1,165702,42808,37032,122894,219010,0,0,0,0,0.0611846
648764,9,2,177994,46039,40026,131942,235216,1,0,0,0,0.164137
648769,9,2,167681,43823,38113,123845,227458,1,0,0,0,0.154012
648770,9,1,165765,42806,37071,122959,218947,0,0,0,0,0.0512547
648771,9,1,165684,42776,37048,122908,218771,0,0,0,0,0.0536631
648774,9,2,177708,45976,39996,131719,234885,1,0,0,0,0.157611
648779,9,2,167296,43732,38033,123551,226956,1,0,0,0,0.214891
648780,9,1,168886,43574,37227,125312,224054,0,0,0,0,0.0821143
648781,9,1,168702,43515,37208,125187,223727,0,0,0,0,0.0625482
648784,9,2,181278,48315,41892,132950,251136,1,0,0,0,0.151674
648789,9,2,177098,46672,40793,130413,242402,1,0,0,0,0.150223
648790,9,1,179990,46770,41102,133220,241573,0,0,0,0,0.075322
648791,9,1,179319,46926,40600,132393,242709,0,0,0,0,0.0577241
648794,9,1,182264,48455,42656,133809,252057,0,0,0,0,0.0618204
648799,9,1,170516,44913,39193,125603,233029,0,0,0,0,0.0540952
648800,9,1,179922,46738,41083,133184,241362,0,0,0,0,0.0791742
648801,9,1,179366,46934,40618,132432,242729,0,0,0,0,0.0592983
648804,9,1,182108,48437,42648,133671,252022,0,0,0,0,0.0578247
648809,9,1,170419,44919,39192,125500,233129,0,0,0,0,0.054513
648830,9,2,173361,44189,38213,129160,224982,1,0,0,0,0.135053
648831,9,2,173254,44165,38171,129077,224856,1,0,0,0,0.138117
648834,9,1,144098,36622,30999,107476,185348,0,0,0,0,0.0520865
648839,9,1,142283,36935,30990,105348,190466,0,0,0,0,0.0568473
648840,9,2,171050,44782,38884,126257,231719,1,0,0,0,0.1395
648841,9,2,170883,44738,38814,126134,231480,1,0,0,0,0.137015
648844,9,1,158939,41875,35896,117064,215120,0,0,0,0,0.0580895
648849,9,1,168391,45134,39362,123257,234722,0,0,0,0,0.0581744
648850,9,2,177344,46921,40464,130410,243696,1,0,0,0,0.148585
648851,9,2,179797,48333,41889,131451,252640,1,0,0,0,0.16344
648854,9,2,177832,47451,41340,130368,247070,1,0,0,0,0.159026
648859,9,1,162545,42450,35738,120095,218786,0,0,0,0,0.057353
648860,9,2,177299,46907,40411,130379,243622,1,0,0,0,0.152719
648861,9,2,179952,48357,41908,131582,252742,1,0,0,0,0.137902
648864,9,2,177906,47462,41352,130431,247109,1,0,0,0,0.139381
648869,9,1,162434,42449,35768,119985,218809,0,0,0,0,0.0562372
648890,9,1,156612,40069,34664,116543,205554,0,0,0,0,0.0627317
648891,9,1,156546,40043,34637,116503,205402,0,0,0,0,0.074694
648894,9,2,212120,57259,49997,154848,298316,1,0,0,0,0.14887
648899,9,1,184676,50127,43734,134549,262275,0,0,0,0,0.059733
648900,9,2,176715,46877,40294,129826,244291,1,0,0,0,0.158057
648901,9,2,178386,48037,41588,130336,251905,1,0,0,0,0.150967
648904,9,2,181244,48620,42298,132611,254049,1,0,0,0,0.135495
648909,9,1,175354,46286,39710,129068,239687,0,0,0,0,0.058128
648910,9,2,176568,46841,40239,129715,244094,1,0,0,0,0.181099
648911,9,2,178652,48084,41628,130555,252084,1,0,0,0,0.169332
648914,9,2,181190,48608,42292,132569,253992,1,0,0,0,0.179991
648919,9,1,175074,46234,39669,128840,239438,0,0,0,0,0.0708071
648940,9,1,163067,42235,36596,120832,217989,0,0,0,0,0.0742779
648941,9,2,173312,45878,39559,127421,239087,1,0,0,0,0.177595
648944,9,2,178056,47430,40942,130613,247425,1,0,0,0,0.151002
648949,9,1,179340,47854,40654,131486,249465,0,0,0,0,0.0629933
648950,9,1,162908,42179,36584,120729,217669,0,0,0,0,0.0650979
648951,9,2,173268,45869,39567,127386,239035,1,0,0,0,0.171209
648954,9,2,177911,47404,40926,130494,247298,1,0,0,0,0.143804
648959,9,1,178825,47753,40603,131072,249013,0,0,0,0,0.0625851
648980,9,1,141450,36455,30520,104995,188077,0,0,0,0,0.0612691
648981,9,1,164010,44182,37756,119828,231282,0,0,0,0,0.0651084
648984,9,1,178488,48503,41914,129985,255006,0,0,0,0,0.0650342
648989,9,1,158794,42360,35979,116434,220376,0,0,0,0,0.0787929
649030,9,1,136181,35944,30423,100237,187150,0,0,0,0,0.0635386
649031,9,1,156027,41999,36385,114028,220014,0,0,0,0,0.0609978
649032,9,1,148865,39478,33485,109387,206216,0,0,0,0,0.0569228
649033,9,1,148839,39499,33510,109340,206394,0,0,0,0,0.058896
649034,9,1,171831,46946,41463,124885,247124,0,0,0,0,0.0653857
649035,9,1,163742,43914,37466,119828,230073,0,0,0,0,0.0602988
649036,9,1,163498,43864,37461,119634,229821,0,0,0,0,0.0625517
649037,9,1,173346,46888,39991,126458,246232,0,0,0,0,0.0671467
649038,9,1,173168,46855,39977,126313,246078,0,0,0,0,0.0680251
649039,9,1,153032,40765,34913,112267,212957,0,0,0,0,0.0832875
649322,18,2,271260,72999,64199,198248,380864,1,0,0,0,0.174847
649325,18,2,296990,81677,71241,215301,429843,1,0,0,0,0.18261
649328,18,2,284853,78261,68373,206580,412710,1,0,0,0,0.17163
649332,18,2,270875,72907,64097,197955,380366,1,0,0,0,0.20934
649335,18,2,296698,81567,71112,215119,429149,1,0,0,0,0.160286
649338,18,2,284616,78170,68238,206434,412207,1,0,0,0,0.158045
649342,18,2,261246,70744,62133,190489,372523,1,0,0,0,0.180004
649345,18,1,207234,56135,48410,151099,293613,0,0,0,0,0.0607296
649348,18,1,208752,56827,49182,151925,297609,0,0,0,0,0.06196
649352,18,2,283319,78767,69109,204540,418377,1,0,0,0,0.176542
649355,18,1,194314,52772,46599,141542,277214,0,0,0,0,0.0583629
649358,18,2,286540,80141,70492,206386,427325,1,0,0,0,0.166721
649362,18,1,172908,46657,40835,126251,245333,0,0,0,0,0.0617954
649365,18,1,189066,51336,45151,137730,270384,0,0,0,0,0.0615452
649368,18,1,194507,53575,47198,140932,283669,0,0,0,0,0.0626254
649370,18,1,171809,45016,39433,126793,232059,0,0,0,0,0.0849473
649371,18,1,184377,49260,42070,135117,254580,0,0,0,0,0.0635034
649372,18,1,177174,47511,40686,129663,246520,0,0,0,0,0.0853062
649373,18,1,151440,39271,34187,112169,202332,0,0,0,0,0.0859437
649374,18,1,196162,53203,46351,142959,277349,0,0,0,0,0.0685662
649375,18,1,190748,51444,44977,139304,267932,0,0,0,0,0.0778483
649376,18,1,173445,45656,40051,127789,235136,0,0,0,0,0.0584846
649377,18,1,175571,46299,40520,129272,238058,0,0,0,0,0.058559
649378,18,1,192872,52182,45380,140690,271367,0,0,0,0,0.082033
649379,18,1,187442,50978,44233,136464,266148,0,0,0,0,0.0607273
649392,18,1,170571,43453,37528,127118,220457,0,0,0,0,0.0645151
649395,18,1,181426,47798,41302,133628,246783,0,0,0,0,0.0799623
649398,18,1,175285,46033,39787,129252,238450,0,0,0,0,0.0830045
649402,18,1,156508,40005,34732,116503,204357,0,0,0,0,0.0572543
649405,18,1,191753,51460,44626,140293,268577,0,0,0,0,0.0604465
649408,18,1,191266,51297,44362,139969,267986,0,0,0,0,0.0683736
649412,18,1,193599,51678,44343,141921,268079,0,0,0,0,0.0693703
649415,18,1,203222,54964,47513,148258,287495,0,0,0,0,0.0578457
649418,18,2,170592,45115,39342,125464,236071,1,0,0,0,0.134343
649422,18,1,185047,49481,42449,135566,257863,0,0,0,0,0.0594125
649425,18,1,200197,54022,46701,146175,282395,0,0,0,0,0.0577066
649428,18,2,171164,45667,39894,125484,239507,1,0,0,0,0.13352
649430,18,1,175391,46444,40016,128947,239046,0,0,0,0,0.0684644
649431,18,1,189188,50513,43281,138675,261648,0,0,0,0,0.0584774
649432,18,1,183963,49103,42157,134860,254905,0,0,0,0,0.0621841
649433,18,1,180118,48651,41771,131467,254675,0,0,0,0,0.0691697
649434,18,1,197899,53091,45515,144808,278682,0,0,0,0,0.0861753
649435,18,1,202892,54311,46419,148581,283918,0,0,0,0,0.0634671
649436,18,1,203807,55587,48031,148220,290647,0,0,0,0,0.0625832
649437,18,1,166502,44577,38145,121925,232663,0,0,0,0,0.0604805
649438,18,1,194302,52885,45805,141417,277684,0,0,0,0,0.062372
649439,18,1,194248,52893,45798,141355,277790,0,0,0,0,0.0641946
649452,18,1,152199,38957,33837,113242,199717,0,0,0,0,0.055793
649455,18,1,192678,51881,45134,140797,271511,0,0,0,0,0.0575492
649458,18,1,194509,52393,45583,142116,274791,0,0,0,0,0.0559154
649462,18,1,187315,50062,43096,137253,260660,0,0,0,0,0.0550096
649465,18,1,204087,55329,47844,148758,290403,0,0,0,0,0.057
649468,18,1,187538,50840,44039,136698,266793,0,0,0,0,0.0552626
649472,18,1,180142,48251,41435,131891,252256,0,0,0,0,0.054613
649475,18,1,200887,54304,46997,146583,284627,0,0,0,0,0.0570889
649478,18,2,279452,76925,67245,202514,407227,1,0,0,0,0.155169
649480,18,1,166976,44125,37920,122851,227647,0,0,0,0,0.0655659
649481,18,1,184038,49238,42072,134800,255950,0,0,0,0,0.0585972
649482,18,1,178819,47868,41045,130951,249391,0,0,0,0,0.0572828
649484,18,1,203845,54710,46873,149135,286795,0,0,0,0,0.0609211
649485,18,1,209375,56261,48204,153114,294440,0,0,0,0,0.0602824
649486,18,1,219173,59874,52082,159299,313172,0,0,0,0,0.065612
649487,18,1,171627,45942,39583,125685,239513,0,0,0,0,0.0834728
649488,18,1,198892,54226,46987,144666,285231,0,0,0,0,0.0578258
649489,18,1,206735,56434,48959,150301,295974,0,0,0,0,0.058568
649493,18,1,175151,47427,40708,127724,249054,0,0,0,0,0.0597933
649502,18,1,190097,51556,44661,138541,272076,0,0,0,0,0.0551694
649505,18,1,198321,53733,46692,144588,283088,0,0,0,0,0.0566258
649508,18,1,179650,48723,42246,130927,256325,0,0,0,0,0.0547334
649512,18,1,184828,49819,43104,135009,261857,0,0,0,0,0.0540722
649515,18,1,199765,53747,46899,146018,281431,0,0,0,0,0.0562442
649518,18,2,268646,73457,64287,195176,388473,1,0,0,0,0.159753
649520,18,1,164042,43191,37139,120851,223260,0,0,0,0,0.0610263
649521,18,2,168970,44879,38752,124078,235152,1,0,0,0,0.128625
649522,18,2,161997,42983,37019,119001,225600,1,0,0,0,0.12456
649524,18,2,172309,46007,39594,126289,241679,1,0,0,0,0.12541
649525,18,2,166731,44493,38309,122225,234073,1,0,0,0,0.134092
649528,18,1,192576,52680,45464,139896,278203,0,0,0,0,0.067045
649529,18,1,200472,54656,47197,145816,287478,0,0,0,0,0.0601445
649533,18,1,192842,52527,45292,140315,275634,0,0,0,0,0.0573715
649536,18,1,210338,57493,49636,152845,301639,0,0,0,0,0.0598473
649537,18,1,174961,46519,40373,128442,242513,0,0,0,0,0.0676582
649542,18,1,165310,44784,38365,120526,235993,0,0,0,0,0.0592294
649545,18,1,174954,47512,41090,127442,250825,0,0,0,0,0.0621247
649548,18,1,182317,49213,42381,133104,258600,0,0,0,0,0.0634419
649550,18,1,174697,46845,40165,127852,244619,0,0,0,0,0.0623217
649551,18,1,189181,51034,44248,138147,267531,0,0,0,0,0.0580701
649554,18,1,208409,56972,49828,151437,299467,0,0,0,0,0.0615376
649559,18,1,201284,55334,48513,145950,291395,0,0,0,0,0.0749365
649562,18,2,274520,75637,65172,198871,401062,1,0,0,0,0.166338
649563,18,2,276812,76499,66076,200301,406067,1,0,0,0,0.205347
649565,18,2,281545,77571,67121,203962,411183,1,0,0,0,0.165561
649566,18,2,294379,81545,70429,212822,432807,1,0,0,0,0.164517
649567,18,2,153913,40549,34599,113353,213146,1,0,0,0,0.149526
649568,18,2,294900,81938,70438,212950,435176,1,0,0,0,0.188773
649580,18,1,170392,45877,39224,124515,240425,0,0,0,0,0.0789021
649581,18,1,186001,50345,43438,135656,264921,0,0,0,0,0.0674005
649582,18,2,270741,74451,64239,196278,394815,1,0,0,0,0.178124
649583,18,2,276414,76543,66057,199859,407125,1,0,0,0,0.179399
649584,18,1,204340,55952,48927,148388,295186,0,0,0,0,0.0868552
649585,18,2,277055,76537,66145,200506,406313,1,0,0,0,0.16729
649586,18,2,290975,80788,69820,210175,429581,1,0,0,0,0.160879
649587,18,2,154654,40930,35015,113713,215510,1,0,0,0,0.145209
649588,18,2,295125,82009,70474,213104,435595,1,0,0,0,0.168971
649589,18,1,193308,53306,46710,140002,281699,0,0,0,0,0.0753206
651550,18,1,150736,40601,34735,110135,215298,0,0,0,0,0.0600035
651551,18,1,168467,46176,40177,122291,246403,0,0,0,0,0.0624395
651552,18,1,169218,46974,40499,122244,251920,0,0,0,0,0.0619419
651553,18,1,169256,47002,40518,122254,252080,0,0,0,0,0.0636152
651554,18,1,184644,50870,44263,133774,271781,0,0,0,0,0.0617015
651555,18,1,181632,50691,43663,130941,272117,0,0,0,0,0.0652904
651556,18,1,181615,50691,43657,130924,272109,0,0,0,0,0.0637567
651557,18,1,189117,52564,45466,136553,281664,0,0,0,0,0.0666911
651558,18,1,189526,52674,45531,136852,282287,0,0,0,0,0.0669717
651559,18,1,174453,47764,41752,126689,254496,0,0,0,0,0.0821006
651620,36,1,198044,54247,47552,143797,287456,0,0,0,0,0.0702939
651621,36,1,219057,61499,53337,157558,328339,0,0,0,0,0.061656
651622,36,1,203804,57035,49072,146769,304957,0,0,0,0,0.0588031
651623,36,1,177525,48899,42302,128626,260119,0,0,0,0,0.0562513
651624,36,1,217932,61561,53692,156371,330076,0,0,0,0,0.0611226
651625,36,1,216022,60760,52968,155262,325116,0,0,0,0,0.0661625
651626,36,1,198112,54838,47751,143274,291433,0,0,0,0,0.0596744
651627,36,1,205639,57071,49979,148568,302876,0,0,0,0,0.0571319
651628,36,1,216871,61207,53404,155664,327343,0,0,0,0,0.0625439
651629,36,1,206702,58042,50650,148660,310798,0,0,0,0,0.0586132
651680,36,1,202856,56046,48634,146810,297136,0,0,0,0,0.0568112
651681,36,1,215555,59840,51826,155715,318265,0,0,0,0,0.0600509
651682,36,1,206354,57354,49731,149000,306255,0,0,0,0,0.0693983
651683,36,1,196007,53989,47003,142018,287221,0,0,0,0,0.0757277
651684,36,1,218828,60738,52297,158090,325719,0,0,0,0,0.0604451
651685,36,1,231242,64763,55923,166479,346528,0,0,0,0,0.0653515
651686,36,1,228907,64173,55956,164734,342420,0,0,0,0,0.0657089
651687,36,1,188613,52235,45819,136378,278932,0,0,0,0,0.0610419
651688,36,1,209785,58595,51345,151190,313275,0,0,0,0,0.0569972
651689,36,1,209734,58612,51346,151122,313449,0,0,0,0,0.0569425
651730,36,1,185504,50554,43762,134950,267803,0,0,0,0,0.0556761
651731,36,1,207212,57757,50175,149455,308517,0,0,0,0,0.0567634
651732,36,1,197947,55204,47624,142743,295676,0,0,0,0,0.0542928
651733,36,1,186853,51537,44604,135316,275380,0,0,0,0,0.0586544
651734,36,1,218534,60431,51841,158103,323512,0,0,0,0,0.0662847
651735,36,1,234065,65510,56852,168555,350929,0,0,0,0,0.065185
651736,36,1,237151,66430,58210,170721,353797,0,0,0,0,0.0781563
651737,36,1,190887,52930,46230,137957,282973,0,0,0,0,0.0608709
651738,36,1,208210,58278,50821,149932,312947,0,0,0,0,0.0568549
651739,36,1,217374,61035,53498,156339,327081,0,0,0,0,0.0574476
651770,36,1,173820,46748,40295,127072,246939,0,0,0,0,0.0558115
651771,36,1,197867,55108,47331,142759,294832,0,0,0,0,0.0554682
651772,36,1,200496,55875,48206,144621,299200,0,0,0,0,0.0544164
651773,36,2,310691,87539,76004,223139,470819,1,0,0,0,0.145614
651774,36,1,213061,59270,50855,153791,316524,0,0,0,0,0.0581565
651775,36,1,214299,59606,51363,154693,318744,0,0,0,0,0.0564583
651776,36,2,319445,90655,79048,228777,488672,1,0,0,0,0.143496
651777,36,1,186933,51289,44862,135644,272981,0,0,0,0,0.0612947
651778,36,1,205592,57758,49889,147834,310583,0,0,0,0,0.0585294
651779,36,1,221988,62719,54447,159269,336459,0,0,0,0,0.0592268
651800,36,1,198112,54847,47687,143265,292323,0,0,0,0,0.0591146
651801,36,1,207762,57442,50267,150320,305789,0,0,0,0,0.0594059
651802,36,1,199466,54729,48058,144737,291155,0,0,0,0,0.0688866
651803,36,1,201934,55370,48557,146564,294215,0,0,0,0,0.075385
651804,36,1,227114,63616,55444,163498,339668,0,0,0,0,0.0804901
651805,36,1,209175,57442,50298,151733,305381,0,0,0,0,0.0643428
651806,36,1,215178,59518,52201,155660,316737,0,0,0,0,0.0745545
651807,36,1,212308,58014,51227,154294,306609,0,0,0,0,0.0758759
651808,36,1,223467,62401,54009,161066,332279,0,0,0,0,0.0683411
651809,36,1,231402,65429,58203,165973,350754,0,0,0,0,0.0797829
651820,36,1,179645,49212,42395,130433,262337,0,0,0,0,0.0592229
651821,36,1,196857,54198,47155,142659,289128,0,0,0,0,0.0630404
651822,36,1,186909,50616,43997,136293,268963,0,0,0,0,0.0598165
651823,36,1,189007,51479,44870,137528,273896,0,0,0,0,0.0570573
651824,36,1,215167,59945,52029,155222,321036,0,0,0,0,0.063753
651825,36,1,196715,53623,46526,143092,285375,0,0,0,0,0.0617779
651826,36,1,205608,57091,50087,148517,305584,0,0,0,0,0.0867606
651827,36,1,195857,53448,46730,142409,283819,0,0,0,0,0.0595672
651828,36,1,223638,62503,54088,161135,332941,0,0,0,0,0.0669628
651829,36,1,209811,58514,51574,151297,313414,0,0,0,0,0.0902972
653790,18,1,161389,42802,36818,118587,224039,0,0,0,0,0.0572909
653791,18,1,183035,49314,43064,133721,259193,0,0,0,0,0.0613513
653792,18,1,186559,51038,44230,135521,269579,0,0,0,0,0.0596091
653793,18,1,186475,51038,44220,135437,269588,0,0,0,0,0.0615394
653794,18,1,198568,54273,47328,144295,286389,0,0,0,0,0.0600544
653795,18,1,195064,53783,46715,141281,284586,0,0,0,0,0.062439
653796,18,1,195038,53772,46720,141266,284493,0,0,0,0,0.0620866
653797,18,1,201759,55696,48175,146063,294934,0,0,0,0,0.0633156
653798,18,1,201727,55707,48176,146020,295060,0,0,0,0,0.0640002
653799,18,1,188727,51618,45059,137109,272111,0,0,0,0,0.0787596
653920,36,1,196214,53251,46100,142963,281000,0,0,0,0,0.0610929
653921,36,1,223029,61965,53989,161064,329763,0,0,0,0,0.0673444
653922,36,1,212862,59137,51424,153725,316107,0,0,0,0,0.0579383
653923,36,1,196767,54277,46956,142490,289135,0,0,0,0,0.0595447
653924,36,1,215960,59891,52099,156069,320377,0,0,0,0,0.0595374
653925,36,1,226592,63300,55319,163292,338454,0,0,0,0,0.0641923
653926,36,1,226237,63244,54948,162993,337514,0,0,0,0,0.0629988
653927,36,1,200746,55195,48119,145551,293719,0,0,0,0,0.0621698
653928,36,1,216469,60688,52922,155781,324997,0,0,0,0,0.0678368
653929,36,1,211961,59453,51864,152508,319382,0,0,0,0,0.0760689
653970,36,1,188469,50871,44373,137598,267558,0,0,0,0,0.0588367
653971,36,1,224214,62167,54157,162047,330355,0,0,0,0,0.059852
653972,36,1,212665,58973,51345,153692,314588,0,0,0,0,0.0569489
653973,36,1,191621,52708,45349,138913,280357,0,0,0,0,0.0571746
653974,36,1,213283,58512,50930,154771,311681,0,0,0,0,0.0577365
653975,36,1,234888,65653,57598,169235,350376,0,0,0,0,0.0623625
653976,36,1,236718,66356,57797,170362,354167,0,0,0,0,0.0628063
653977,36,1,201220,55356,48495,145864,294425,0,0,0,0,0.0612205
653978,36,1,212797,59257,51438,153540,316976,0,0,0,0,0.0614163
653979,36,1,220345,61923,54151,158422,332590,0,0,0,0,0.0614364
654010,36,1,181926,48736,42343,133190,255106,0,0,0,0,0.0541927
654011,36,1,211026,57898,50259,153128,307557,0,0,0,0,0.0568039
654012,36,1,213325,59204,51554,154121,315938,0,0,0,0,0.057697
654013,36,1,209938,57865,50133,152073,307088,0,0,0,0,0.0607439
654014,36,1,211231,57823,50310,153408,306786,0,0,0,0,0.0561722
654015,36,1,213665,59006,51265,154659,314236,0,0,0,0,0.0567401
654016,36,1,218681,60503,52708,158178,320971,0,0,0,0,0.0594888
654017,36,1,193937,52471,45217,141466,277974,0,0,0,0,0.0634632
654018,36,1,210695,58615,50195,152080,313108,0,0,0,0,0.0588395
654019,36,1,232515,65652,56881,166863,351507,0,0,0,0,0.0631896
654040,36,1,209932,57458,50230,152474,302617,0,0,0,0,0.0589085
654041,36,1,216228,59512,51838,156716,316259,0,0,0,0,0.0572058
654042,36,1,216698,59234,52169,157464,313764,0,0,0,0,0.0578175
654043,36,1,211986,58412,50937,153574,310439,0,0,0,0,0.057171
654044,36,1,218301,60307,52753,157994,321450,0,0,0,0,0.0584639
654045,36,1,210719,57523,50583,153196,305511,0,0,0,0,0.059384
654046,36,1,217099,60105,52402,156994,320490,0,0,0,0,0.0586256
654047,36,1,203922,55414,48685,148508,294066,0,0,0,0,0.0578072
654048,36,1,223411,63200,54682,160211,339066,0,0,0,0,0.064499
654049,36,1,230667,65008,57453,165659,348673,0,0,0,0,0.0786419
654060,36,1,191173,51835,44871,139338,273495,0,0,0,0,0.0613737
654061,36,1,203264,55596,48636,147668,295601,0,0,0,0,0.0598535
654062,36,1,203006,55085,48126,147921,291849,0,0,0,0,0.0555178
654063,36,1,200653,54829,47735,145824,291108,0,0,0,0,0.0549432
654064,36,1,209646,57474,50164,152172,306280,0,0,0,0,0.0567635
654065,36,1,198399,53768,46954,144631,285438,0,0,0,0,0.0537378
654066,36,1,217281,60095,52480,157186,320069,0,0,0,0,0.0583266
654067,36,1,189969,51381,44589,138588,272896,0,0,0,0,0.0571635
654068,36,1,231256,65087,56324,166169,346901,0,0,0,0,0.0628397
654069,36,1,217765,60838,53458,156927,325209,0,0,0,0,0.0743409
655750,18,1,171485,45956,40203,125529,241587,0,0,0,0,0.0601635
655751,18,1,211481,57909,50916,153572,302787,0,0,0,0,0.0696828
655752,18,1,187094,51053,44895,136041,270000,0,0,0,0,0.0588519
655753,18,1,187086,51042,44886,136044,269927,0,0,0,0,0.0560365
655754,18,2,281610,76302,67160,205295,402092,1,0,0,0,0.150049
655755,18,2,205740,55943,49057,149784,295637,1,0,0,0,0.130098
655756,18,2,205714,55937,49047,149764,295599,1,0,0,0,0.130442
655757,18,1,201079,55360,48496,145719,293012,0,0,0,0,0.0623045
655758,18,1,201118,55364,48506,145754,293033,0,0,0,0,0.0778897
655759,18,1,193566,52749,45788,140817,278776,0,0,0,0,0.0897349
655930,36,1,203511,55672,48732,147839,293553,0,0,0,0,0.0807043
655931,36,1,220247,61546,53893,158701,329083,0,0,0,0,0.0870819
655932,36,1,211635,58991,51728,152644,316255,0,0,0,0,0.0863976
655933,36,1,188153,50959,44456,137194,269590,0,0,0,0,0.0700833
655934,36,1,213955,60144,52110,153811,323777,0,0,0,0,0.060613
655935,36,1,217412,61020,52949,156392,327655,0,0,0,0,0.0593604
655936,36,1,212466,59616,52425,152850,320390,0,0,0,0,0.062641
655937,36,1,223183,62568,54661,160615,335635,0,0,0,0,0.063924
655938,36,1,237370,66553,57763,170817,356025,0,0,0,0,0.0911218
655939,36,1,229084,64343,55696,164741,345930,0,0,0,0,0.0716711
655970,36,1,187745,50638,43896,137107,266732,0,0,0,0,0.0755729
655971,36,1,212124,58349,50911,153775,311223,0,0,0,0,0.0628112
655972,36,1,221462,62045,54598,159417,332835,0,0,0,0,0.0617587
655973,36,1,209896,57371,50280,152525,302719,0,0,0,0,0.0583828
655974,36,1,221201,61314,53665,159887,326969,0,0,0,0,0.0563015
655975,36,1,212041,58771,51483,153270,313783,0,0,0,0,0.0573486
655976,36,1,200421,55270,48383,145151,294966,0,0,0,0,0.0602188
655977,36,1,209121,57719,50381,151402,307555,0,0,0,0,0.0833306
655978,36,1,210831,58068,50524,152763,308819,0,0,0,0,0.066114
655979,36,1,213564,58983,51481,154581,313916,0,0,0,0,0.0560473
656000,36,1,207160,56603,49960,150557,298954,0,0,0,0,0.0542033
656001,36,1,230190,63911,55909,166279,339128,0,0,0,0,0.0610877
656002,36,1,212714,58583,51481,154131,311722,0,0,0,0,0.0626698
656003,36,1,211923,57545,50540,154378,303928,0,0,0,0,0.0582105
656004,36,1,214346,58824,51606,155522,313097,0,0,0,0,0.0581242
656005,36,1,232397,64564,56445,167833,344055,0,0,0,0,0.0647455
656006,36,1,233983,64901,57005,169082,346170,0,0,0,0,0.0652752
656007,36,1,223990,62190,54779,161800,331458,0,0,0,0,0.0621351
656008,36,1,224028,62068,54158,161960,330411,0,0,0,0,0.0590633
656009,36,1,225343,62340,54126,163003,332397,0,0,0,0,0.064361
656020,36,1,192824,52499,45910,140325,278022,0,0,0,0,0.058053
656021,36,1,228588,63217,55345,165371,334895,0,0,0,0,0.0629387
656022,36,1,201945,54979,47813,146966,292124,0,0,0,0,0.0626572
656023,36,1,204432,55711,48724,148721,295546,0,0,0,0,0.0705471
656024,36,1,203207,55309,48508,147898,293577,0,0,0,0,0.0772316
656025,36,1,232678,64580,56500,168098,343736,0,0,0,0,0.0718371
656026,36,1,220485,60927,53477,159558,326062,0,0,0,0,0.0623003
656027,36,1,204513,56204,49294,148309,299861,0,0,0,0,0.0579124
656028,36,1,223515,61860,53925,161655,328916,0,0,0,0,0.0618821
656029,36,1,218337,60117,52315,158220,320251,0,0,0,0,0.0641993
657430,18,1,172030,46179,40429,125851,242887,0,0,0,0,0.0627953
657431,18,1,220417,60409,53247,160008,315842,0,0,0,0,0.0663119
657432,18,1,194011,53097,46859,140914,280922,0,0,0,0,0.0609316
657433,18,1,194031,53092,46853,140939,280889,0,0,0,0,0.0596387
657434,18,1,179517,47904,42090,131613,250855,0,0,0,0,0.065349
657435,18,2,206150,56168,49236,149969,296612,1,0,0,0,0.139812
657436,18,2,206150,56166,49230,149971,296595,1,0,0,0,0.161925
657437,18,1,191968,52950,46105,139018,280637,0,0,0,0,0.0613389
657438,18,1,191803,52916,46065,138887,280489,0,0,0,0,0.0582729
657439,18,1,181008,49027,42561,131981,258387,0,0,0,0,0.0683243
657650,36,1,187587,50667,43947,136920,267025,0,0,0,0,0.0558266
657651,36,1,216316,59444,51996,156872,317018,0,0,0,0,0.0804555
657652,36,1,227812,63673,56096,164139,341515,0,0,0,0,0.0910518
657653,36,1,216392,59107,51843,157285,311379,0,0,0,0,0.082996
657654,36,1,225440,62493,54741,162947,333243,0,0,0,0,0.0586356
657655,36,1,217446,60282,52531,157164,321755,0,0,0,0,0.0640839
657656,36,1,196979,54305,47241,142674,290179,0,0,0,0,0.0581503
657657,36,1,201430,55640,48425,145790,296508,0,0,0,0,0.0628776
657658,36,1,198043,54436,47443,143607,289719,0,0,0,0,0.0526224
657659,36,1,200445,55195,47948,145250,294146,0,0,0,0,0.0937719
657680,36,1,207089,56702,50045,150387,299669,0,0,0,0,0.0997845
657681,36,1,230974,64091,55954,166883,340055,0,0,0,0,0.077719
657682,36,1,213023,58716,51442,154307,312884,0,0,0,0,0.0789287
657683,36,1,208826,56653,49660,152173,299869,0,0,0,0,0.0561056
657684,36,1,215974,58820,51611,157154,311986,0,0,0,0,0.0739806
657685,36,1,237369,66022,57804,171347,351269,0,0,0,0,0.0775161
657686,36,1,230256,63728,55978,166528,339854,0,0,0,0,0.0603504
657687,36,1,212570,58981,51683,153589,315463,0,0,0,0,0.122809
657688,36,1,211910,58451,50862,153459,311367,0,0,0,0,0.0623879
657689,36,1,205744,56594,48805,149150,301753,0,0,0,0,0.0795933
657700,36,1,192457,52433,45861,140024,277697,0,0,0,0,0.0748907
657701,36,1,232436,64389,56413,168047,341596,0,0,0,0,0.107353
657702,36,1,203264,55357,48102,147907,294051,0,0,0,0,0.108673
657703,36,1,210622,57388,50498,153234,304146,0,0,0,0,0.102751
657704,36,1,204715,55606,48642,149109,294642,0,0,0,0,0.108385
657705,36,1,236493,65611,57375,170882,348763,0,0,0,0,0.124764
657706,36,1,214989,58924,51510,156065,314545,0,0,0,0,0.133067
657707,36,1,192356,52381,45692,139975,278936,0,0,0,0,0.104158
657708,36,1,211625,58391,50712,153234,311025,0,0,0,0,0.104827
657709,36,1,194959,52916,46014,142043,280735,0,0,0,0,0.0615232
658830,18,2,277775,75219,66347,202543,393649,1,0,0,0,0.271142
658831,18,2,275159,74552,65775,200594,390272,1,0,0,0,0.307831
658832,18,1,198543,53921,46933,144622,283418,0,0,0,0,0.108018
658833,18,1,199046,54084,47045,144962,284403,0,0,0,0,0.139618
658834,18,2,275207,73721,64850,201474,384003,1,0,0,0,0.230185
658835,18,1,200629,54750,47811,145879,287241,0,0,0,0,0.105752
658836,18,1,200587,54746,47800,145841,287222,0,0,0,0,0.109278
658837,18,1,189989,51924,44914,138065,273645,0,0,0,0,0.10611
658838,18,1,189950,51920,44918,138030,273623,0,0,0,0,0.103194
658839,18,1,165075,43583,37266,121492,227933,0,0,0,0,0.0955009
659080,36,1,210546,58125,51058,152421,308216,0,0,0,0,0.085369
659081,36,1,211366,58353,51246,153013,309390,0,0,0,0,0.10142
659082,36,1,206190,56693,49956,149497,301983,0,0,0,0,0.116402
659083,36,1,206195,56302,49014,149893,298715,0,0,0,0,0.108606
659084,36,1,214390,58261,50603,156129,307201,0,0,0,0,0.101357
659085,36,1,222960,61376,53848,161584,326538,0,0,0,0,0.0774038
659086,36,1,216811,59598,51974,157213,317417,0,0,0,0,0.0799275
659087,36,1,214129,59104,51509,155025,315872,0,0,0,0,0.11065
659088,36,1,204538,56381,49076,148157,301439,0,0,0,0,0.103942
659089,36,1,190819,52178,44937,138641,277712,0,0,0,0,0.103027
659100,36,1,202607,55033,48367,147574,289943,0,0,0,0,0.0977461
659101,36,1,203104,55125,48441,147979,290329,0,0,0,0,0.0991284
659102,36,1,201622,55068,48080,146554,293042,0,0,0,0,0.111763
659103,36,1,214779,58240,50448,156539,306395,0,0,0,0,0.109401
659104,36,1,202731,54471,47362,148260,285215,0,0,0,0,0.101277
659105,36,1,213670,58380,50872,155290,309179,0,0,0,0,0.0825639
659106,36,1,212295,58005,50555,154290,307636,0,0,0,0,0.0732341
659107,36,1,200997,54653,47205,146344,289887,0,0,0,0,0.0604807
659108,36,1,196124,53378,46143,142746,283728,0,0,0,0,0.0964026
659109,36,1,179472,48216,41577,131256,255115,0,0,0,0,0.0851301
659950,18,1,180255,48305,42322,131950,251511,0,0,0,0,0.0838492
659951,18,1,180185,48258,42272,131927,251238,0,0,0,0,0.0864557
659952,18,1,179915,48122,42078,131793,252137,0,0,0,0,0.0803099
659953,18,1,195782,52948,46841,142834,278809,0,0,0,0,0.10165
659954,18,1,200220,53486,46852,146734,278103,0,0,0,0,0.0615882
659955,18,1,187719,50175,43894,137544,261832,0,0,0,0,0.0828199
659956,18,1,203854,54863,48104,148991,287007,0,0,0,0,0.09529
659957,18,1,178723,48010,41881,130713,252018,0,0,0,0,0.0816771
659958,18,1,188663,50668,44094,137995,266276,0,0,0,0,0.0916215
659959,18,1,180896,48594,41950,132302,255719,0,0,0,0,0.0831006
